invoice_id,client_id,country,issue_date,due_date,amount_usd,paid_date,status
INV-GT-B2B-001-2024-01,GT-B2B-001,Guatemala,2024-01-05,2024-03-05,2713446.38,2024-03-06,paid
INV-GT-B2B-001-2024-02,GT-B2B-001,Guatemala,2024-02-05,2024-04-05,2744588.4,2024-04-16,paid
INV-GT-B2B-001-2024-03,GT-B2B-001,Guatemala,2024-03-05,2024-05-04,2606734.45,2024-05-04,paid
INV-GT-B2B-001-2024-04,GT-B2B-001,Guatemala,2024-04-05,2024-06-04,2724194.15,2024-06-08,paid
INV-GT-B2B-001-2024-05,GT-B2B-001,Guatemala,2024-05-05,2024-07-04,2723115.72,2024-07-06,paid
INV-GT-B2B-001-2024-06,GT-B2B-001,Guatemala,2024-06-05,2024-08-04,2779295.76,2024-08-14,paid
INV-GT-B2B-001-2024-07,GT-B2B-001,Guatemala,2024-07-05,2024-09-03,2741285.88,2024-09-15,paid
INV-GT-B2B-001-2024-08,GT-B2B-001,Guatemala,2024-08-05,2024-10-04,2770294.3,2024-10-06,paid
INV-GT-B2B-001-2024-09,GT-B2B-001,Guatemala,2024-09-05,2024-11-04,2771739.97,2024-11-05,paid
INV-GT-B2B-001-2024-10,GT-B2B-001,Guatemala,2024-10-05,2024-12-04,2807139.91,2024-12-10,paid
INV-GT-B2B-001-2024-11,GT-B2B-001,Guatemala,2024-11-05,2025-01-04,2754943.04,2025-01-07,paid
INV-GT-B2B-001-2024-12,GT-B2B-001,Guatemala,2024-12-05,2025-02-03,2840675.06,2025-02-08,paid
INV-GT-B2B-001-2025-01,GT-B2B-001,Guatemala,2025-01-05,2025-03-06,2755285.92,2025-03-10,paid
INV-GT-B2B-001-2025-02,GT-B2B-001,Guatemala,2025-02-05,2025-04-06,2815756.15,2025-04-14,paid
INV-GT-B2B-001-2025-03,GT-B2B-001,Guatemala,2025-03-05,2025-05-04,2816052.8,2025-05-12,paid
INV-GT-B2B-001-2025-04,GT-B2B-001,Guatemala,2025-04-05,2025-06-04,2922418.03,2025-06-08,paid
INV-GT-B2B-001-2025-05,GT-B2B-001,Guatemala,2025-05-05,2025-07-04,2778275.58,2025-07-06,paid
INV-GT-B2B-001-2025-06,GT-B2B-001,Guatemala,2025-06-05,2025-08-04,2848782.66,2025-08-16,paid
INV-GT-B2B-001-2025-07,GT-B2B-001,Guatemala,2025-07-05,2025-09-03,2814515.43,2025-09-05,paid
INV-GT-B2B-001-2025-08,GT-B2B-001,Guatemala,2025-08-05,2025-10-04,2781739.11,2025-10-13,paid
INV-GT-B2B-001-2025-09,GT-B2B-001,Guatemala,2025-09-05,2025-11-04,2877517.38,2025-11-13,paid
INV-GT-B2B-001-2025-10,GT-B2B-001,Guatemala,2025-10-05,2025-12-04,2804567.96,2025-12-11,paid
INV-GT-B2B-001-2025-11,GT-B2B-001,Guatemala,2025-11-05,2026-01-04,2855909.32,2026-01-11,paid
INV-GT-B2B-001-2025-12,GT-B2B-001,Guatemala,2025-12-05,2026-02-03,2906594.24,2026-02-10,paid
INV-GT-B2B-001-2026-01,GT-B2B-001,Guatemala,2026-01-05,2026-03-06,2902663.05,2026-03-12,paid
INV-GT-B2B-001-2026-02,GT-B2B-001,Guatemala,2026-02-05,2026-04-06,2887322.51,2026-04-15,paid
INV-GT-B2B-001-2026-03,GT-B2B-001,Guatemala,2026-03-05,2026-05-04,2795192.51,2026-05-18,paid
INV-GT-B2B-001-2026-04,GT-B2B-001,Guatemala,2026-04-05,2026-06-04,2858032.71,2026-06-23,paid
INV-GT-B2B-001-2026-05,GT-B2B-001,Guatemala,2026-05-05,2026-07-04,2876387.06,2026-08-10,open
INV-GT-B2B-001-2026-06,GT-B2B-001,Guatemala,2026-06-05,2026-08-04,2849712.51,2026-09-12,open
INV-GT-B2B-002-2024-01,GT-B2B-002,Guatemala,2024-01-05,2024-02-19,1793333.8,2024-02-23,paid
INV-GT-B2B-002-2024-02,GT-B2B-002,Guatemala,2024-02-05,2024-03-21,1865418.98,2024-03-30,paid
INV-GT-B2B-002-2024-03,GT-B2B-002,Guatemala,2024-03-05,2024-04-19,1890709.27,2024-04-29,paid
INV-GT-B2B-002-2024-04,GT-B2B-002,Guatemala,2024-04-05,2024-05-20,1855677.54,2024-05-24,paid
INV-GT-B2B-002-2024-05,GT-B2B-002,Guatemala,2024-05-05,2024-06-19,1905759.81,2024-06-24,paid
INV-GT-B2B-002-2024-06,GT-B2B-002,Guatemala,2024-06-05,2024-07-20,1830711.0,2024-07-20,paid
INV-GT-B2B-002-2024-07,GT-B2B-002,Guatemala,2024-07-05,2024-08-19,1848410.31,2024-08-27,paid
INV-GT-B2B-002-2024-08,GT-B2B-002,Guatemala,2024-08-05,2024-09-19,1892806.06,2024-09-28,paid
INV-GT-B2B-002-2024-09,GT-B2B-002,Guatemala,2024-09-05,2024-10-20,1876041.05,2024-10-27,paid
INV-GT-B2B-002-2024-10,GT-B2B-002,Guatemala,2024-10-05,2024-11-19,1920753.33,2024-11-23,paid
INV-GT-B2B-002-2024-11,GT-B2B-002,Guatemala,2024-11-05,2024-12-20,1919064.92,2024-12-23,paid
INV-GT-B2B-002-2024-12,GT-B2B-002,Guatemala,2024-12-05,2025-01-19,1892575.02,2025-01-23,paid
INV-GT-B2B-002-2025-01,GT-B2B-002,Guatemala,2025-01-05,2025-02-19,1865967.17,2025-02-27,paid
INV-GT-B2B-002-2025-02,GT-B2B-002,Guatemala,2025-02-05,2025-03-22,1898008.42,2025-03-28,paid
INV-GT-B2B-002-2025-03,GT-B2B-002,Guatemala,2025-03-05,2025-04-19,1939257.17,2025-04-27,paid
INV-GT-B2B-002-2025-04,GT-B2B-002,Guatemala,2025-04-05,2025-05-20,1951297.72,2025-05-26,paid
INV-GT-B2B-002-2025-05,GT-B2B-002,Guatemala,2025-05-05,2025-06-19,1914043.19,2025-06-25,paid
INV-GT-B2B-002-2025-06,GT-B2B-002,Guatemala,2025-06-05,2025-07-20,1870926.97,2025-07-20,paid
INV-GT-B2B-002-2025-07,GT-B2B-002,Guatemala,2025-07-05,2025-08-19,1889332.5,2025-08-20,paid
INV-GT-B2B-002-2025-08,GT-B2B-002,Guatemala,2025-08-05,2025-09-19,1960441.98,2025-09-20,paid
INV-GT-B2B-002-2025-09,GT-B2B-002,Guatemala,2025-09-05,2025-10-20,1935001.49,2025-11-01,paid
INV-GT-B2B-002-2025-10,GT-B2B-002,Guatemala,2025-10-05,2025-11-19,1940688.77,2025-11-29,paid
INV-GT-B2B-002-2025-11,GT-B2B-002,Guatemala,2025-11-05,2025-12-20,1923204.4,2025-12-25,paid
INV-GT-B2B-002-2025-12,GT-B2B-002,Guatemala,2025-12-05,2026-01-19,1927379.96,2026-01-23,paid
INV-GT-B2B-002-2026-01,GT-B2B-002,Guatemala,2026-01-05,2026-02-19,2002637.43,2026-02-19,paid
INV-GT-B2B-002-2026-02,GT-B2B-002,Guatemala,2026-02-05,2026-03-22,1991412.57,2026-03-29,paid
INV-GT-B2B-002-2026-03,GT-B2B-002,Guatemala,2026-03-05,2026-04-19,1955741.93,2026-04-29,paid
INV-GT-B2B-002-2026-04,GT-B2B-002,Guatemala,2026-04-05,2026-05-20,1986932.71,2026-06-08,paid
INV-GT-B2B-002-2026-05,GT-B2B-002,Guatemala,2026-05-05,2026-06-19,1998306.18,2026-07-19,open
INV-GT-B2B-002-2026-06,GT-B2B-002,Guatemala,2026-06-05,2026-07-20,2058914.38,2026-08-22,open
INV-GT-B2B-003-2024-01,GT-B2B-003,Guatemala,2024-01-05,2024-03-05,1677359.92,2024-03-12,paid
INV-GT-B2B-003-2024-02,GT-B2B-003,Guatemala,2024-02-05,2024-04-05,1723897.73,2024-04-18,paid
INV-GT-B2B-003-2024-03,GT-B2B-003,Guatemala,2024-03-05,2024-05-04,1749599.7,2024-05-12,paid
INV-GT-B2B-003-2024-04,GT-B2B-003,Guatemala,2024-04-05,2024-06-04,1776149.34,2024-06-04,paid
INV-GT-B2B-003-2024-05,GT-B2B-003,Guatemala,2024-05-05,2024-07-04,1707249.38,2024-07-05,paid
INV-GT-B2B-003-2024-06,GT-B2B-003,Guatemala,2024-06-05,2024-08-04,1720094.51,2024-08-04,paid
INV-GT-B2B-003-2024-07,GT-B2B-003,Guatemala,2024-07-05,2024-09-03,1760108.29,2024-09-08,paid
INV-GT-B2B-003-2024-08,GT-B2B-003,Guatemala,2024-08-05,2024-10-04,1691732.36,2024-10-05,paid
INV-GT-B2B-003-2024-09,GT-B2B-003,Guatemala,2024-09-05,2024-11-04,1757577.34,2024-11-14,paid
INV-GT-B2B-003-2024-10,GT-B2B-003,Guatemala,2024-10-05,2024-12-04,1822296.6,2024-12-25,paid
INV-GT-B2B-003-2024-11,GT-B2B-003,Guatemala,2024-11-05,2025-01-04,1769944.21,2025-01-05,paid
INV-GT-B2B-003-2024-12,GT-B2B-003,Guatemala,2024-12-05,2025-02-03,1686264.6,2025-02-10,paid
INV-GT-B2B-003-2025-01,GT-B2B-003,Guatemala,2025-01-05,2025-03-06,1735672.2,2025-03-10,paid
INV-GT-B2B-003-2025-02,GT-B2B-003,Guatemala,2025-02-05,2025-04-06,1747014.86,2025-04-11,paid
INV-GT-B2B-003-2025-03,GT-B2B-003,Guatemala,2025-03-05,2025-05-04,1811158.98,2025-05-11,paid
INV-GT-B2B-003-2025-04,GT-B2B-003,Guatemala,2025-04-05,2025-06-04,1771756.7,2025-06-05,paid
INV-GT-B2B-003-2025-05,GT-B2B-003,Guatemala,2025-05-05,2025-07-04,1723138.71,2025-07-08,paid
INV-GT-B2B-003-2025-06,GT-B2B-003,Guatemala,2025-06-05,2025-08-04,1784364.53,2025-08-19,paid
INV-GT-B2B-003-2025-07,GT-B2B-003,Guatemala,2025-07-05,2025-09-03,1795422.49,2025-09-14,paid
INV-GT-B2B-003-2025-08,GT-B2B-003,Guatemala,2025-08-05,2025-10-04,1777389.73,2025-10-04,paid
INV-GT-B2B-003-2025-09,GT-B2B-003,Guatemala,2025-09-05,2025-11-04,1765309.98,2025-11-06,paid
INV-GT-B2B-003-2025-10,GT-B2B-003,Guatemala,2025-10-05,2025-12-04,1882677.4,2025-12-06,paid
INV-GT-B2B-003-2025-11,GT-B2B-003,Guatemala,2025-11-05,2026-01-04,1839313.09,2026-01-05,paid
INV-GT-B2B-003-2025-12,GT-B2B-003,Guatemala,2025-12-05,2026-02-03,1847347.34,2026-02-11,paid
INV-GT-B2B-003-2026-01,GT-B2B-003,Guatemala,2026-01-05,2026-03-06,1812094.57,2026-03-12,paid
INV-GT-B2B-003-2026-02,GT-B2B-003,Guatemala,2026-02-05,2026-04-06,1798615.65,2026-04-14,paid
INV-GT-B2B-003-2026-03,GT-B2B-003,Guatemala,2026-03-05,2026-05-04,1810331.99,2026-05-14,paid
INV-GT-B2B-003-2026-04,GT-B2B-003,Guatemala,2026-04-05,2026-06-04,1785231.41,2026-06-27,paid
INV-GT-B2B-003-2026-05,GT-B2B-003,Guatemala,2026-05-05,2026-07-04,1894936.83,2026-08-04,open
INV-GT-B2B-003-2026-06,GT-B2B-003,Guatemala,2026-06-05,2026-08-04,1836254.3,2026-09-08,open
INV-GT-B2B-004-2024-01,GT-B2B-004,Guatemala,2024-01-05,2024-02-04,1610910.73,2024-02-11,paid
INV-GT-B2B-004-2024-02,GT-B2B-004,Guatemala,2024-02-05,2024-03-06,1560424.64,2024-03-18,paid
INV-GT-B2B-004-2024-03,GT-B2B-004,Guatemala,2024-03-05,2024-04-04,1590818.31,2024-04-18,paid
INV-GT-B2B-004-2024-04,GT-B2B-004,Guatemala,2024-04-05,2024-05-05,1586983.41,2024-05-05,paid
INV-GT-B2B-004-2024-05,GT-B2B-004,Guatemala,2024-05-05,2024-06-04,1542345.01,2024-06-18,paid
INV-GT-B2B-004-2024-06,GT-B2B-004,Guatemala,2024-06-05,2024-07-05,1644830.55,2024-07-10,paid
INV-GT-B2B-004-2024-07,GT-B2B-004,Guatemala,2024-07-05,2024-08-04,1580904.56,2024-08-17,paid
INV-GT-B2B-004-2024-08,GT-B2B-004,Guatemala,2024-08-05,2024-09-04,1562077.87,2024-09-06,paid
INV-GT-B2B-004-2024-09,GT-B2B-004,Guatemala,2024-09-05,2024-10-05,1621775.01,2024-10-09,paid
INV-GT-B2B-004-2024-10,GT-B2B-004,Guatemala,2024-10-05,2024-11-04,1604880.24,2024-11-09,paid
INV-GT-B2B-004-2024-11,GT-B2B-004,Guatemala,2024-11-05,2024-12-05,1619957.56,2024-12-18,paid
INV-GT-B2B-004-2024-12,GT-B2B-004,Guatemala,2024-12-05,2025-01-04,1616004.97,2025-01-13,paid
INV-GT-B2B-004-2025-01,GT-B2B-004,Guatemala,2025-01-05,2025-02-04,1552146.44,2025-02-10,paid
INV-GT-B2B-004-2025-02,GT-B2B-004,Guatemala,2025-02-05,2025-03-07,1594044.49,2025-03-07,paid
INV-GT-B2B-004-2025-03,GT-B2B-004,Guatemala,2025-03-05,2025-04-04,1596913.86,2025-04-08,paid
INV-GT-B2B-004-2025-04,GT-B2B-004,Guatemala,2025-04-05,2025-05-05,1659391.4,2025-05-05,paid
INV-GT-B2B-004-2025-05,GT-B2B-004,Guatemala,2025-05-05,2025-06-04,1634345.42,2025-06-08,paid
INV-GT-B2B-004-2025-06,GT-B2B-004,Guatemala,2025-06-05,2025-07-05,1626732.1,2025-07-16,paid
INV-GT-B2B-004-2025-07,GT-B2B-004,Guatemala,2025-07-05,2025-08-04,1659283.38,2025-08-17,paid
INV-GT-B2B-004-2025-08,GT-B2B-004,Guatemala,2025-08-05,2025-09-04,1640547.89,2025-09-07,paid
INV-GT-B2B-004-2025-09,GT-B2B-004,Guatemala,2025-09-05,2025-10-05,1642369.61,2025-10-12,paid
INV-GT-B2B-004-2025-10,GT-B2B-004,Guatemala,2025-10-05,2025-11-04,1659714.51,2025-11-05,paid
INV-GT-B2B-004-2025-11,GT-B2B-004,Guatemala,2025-11-05,2025-12-05,1661001.64,2025-12-12,paid
INV-GT-B2B-004-2025-12,GT-B2B-004,Guatemala,2025-12-05,2026-01-04,1747973.96,2026-01-19,paid
INV-GT-B2B-004-2026-01,GT-B2B-004,Guatemala,2026-01-05,2026-02-04,1638104.72,2026-02-09,paid
INV-GT-B2B-004-2026-02,GT-B2B-004,Guatemala,2026-02-05,2026-03-07,1622280.41,2026-03-10,paid
INV-GT-B2B-004-2026-03,GT-B2B-004,Guatemala,2026-03-05,2026-04-04,1685244.47,2026-04-26,paid
INV-GT-B2B-004-2026-04,GT-B2B-004,Guatemala,2026-04-05,2026-05-05,1654524.65,2026-05-24,paid
INV-GT-B2B-004-2026-05,GT-B2B-004,Guatemala,2026-05-05,2026-06-04,1612275.48,2026-07-03,open
INV-GT-B2B-004-2026-06,GT-B2B-004,Guatemala,2026-06-05,2026-07-05,1651759.19,2026-08-05,open
INV-GT-B2B-005-2024-01,GT-B2B-005,Guatemala,2024-01-05,2024-02-19,1401905.33,2024-02-25,paid
INV-GT-B2B-005-2024-02,GT-B2B-005,Guatemala,2024-02-05,2024-03-21,1380867.31,2024-03-21,paid
INV-GT-B2B-005-2024-03,GT-B2B-005,Guatemala,2024-03-05,2024-04-19,1496229.35,2024-04-19,paid
INV-GT-B2B-005-2024-04,GT-B2B-005,Guatemala,2024-04-05,2024-05-20,1406246.93,2024-06-04,paid
INV-GT-B2B-005-2024-05,GT-B2B-005,Guatemala,2024-05-05,2024-06-19,1527234.13,2024-06-19,paid
INV-GT-B2B-005-2024-06,GT-B2B-005,Guatemala,2024-06-05,2024-07-20,1434030.34,2024-07-28,paid
INV-GT-B2B-005-2024-07,GT-B2B-005,Guatemala,2024-07-05,2024-08-19,1499189.62,2024-08-20,paid
INV-GT-B2B-005-2024-08,GT-B2B-005,Guatemala,2024-08-05,2024-09-19,1444758.36,2024-09-29,paid
INV-GT-B2B-005-2024-09,GT-B2B-005,Guatemala,2024-09-05,2024-10-20,1468203.93,2024-10-24,paid
INV-GT-B2B-005-2024-10,GT-B2B-005,Guatemala,2024-10-05,2024-11-19,1455231.42,2024-11-19,paid
INV-GT-B2B-005-2024-11,GT-B2B-005,Guatemala,2024-11-05,2024-12-20,1455827.99,2024-12-25,paid
INV-GT-B2B-005-2024-12,GT-B2B-005,Guatemala,2024-12-05,2025-01-19,1473261.36,2025-01-22,paid
INV-GT-B2B-005-2025-01,GT-B2B-005,Guatemala,2025-01-05,2025-02-19,1484032.15,2025-03-02,paid
INV-GT-B2B-005-2025-02,GT-B2B-005,Guatemala,2025-02-05,2025-03-22,1478366.12,2025-03-30,paid
INV-GT-B2B-005-2025-03,GT-B2B-005,Guatemala,2025-03-05,2025-04-19,1479033.61,2025-04-25,paid
INV-GT-B2B-005-2025-04,GT-B2B-005,Guatemala,2025-04-05,2025-05-20,1459934.42,2025-05-28,paid
INV-GT-B2B-005-2025-05,GT-B2B-005,Guatemala,2025-05-05,2025-06-19,1481972.29,2025-07-05,paid
INV-GT-B2B-005-2025-06,GT-B2B-005,Guatemala,2025-06-05,2025-07-20,1536156.53,2025-07-28,paid
INV-GT-B2B-005-2025-07,GT-B2B-005,Guatemala,2025-07-05,2025-08-19,1469691.0,2025-08-19,paid
INV-GT-B2B-005-2025-08,GT-B2B-005,Guatemala,2025-08-05,2025-09-19,1532090.37,2025-09-26,paid
INV-GT-B2B-005-2025-09,GT-B2B-005,Guatemala,2025-09-05,2025-10-20,1514234.37,2025-10-20,paid
INV-GT-B2B-005-2025-10,GT-B2B-005,Guatemala,2025-10-05,2025-11-19,1531660.94,2025-11-27,paid
INV-GT-B2B-005-2025-11,GT-B2B-005,Guatemala,2025-11-05,2025-12-20,1474165.73,2025-12-24,paid
INV-GT-B2B-005-2025-12,GT-B2B-005,Guatemala,2025-12-05,2026-01-19,1519030.14,2026-01-25,paid
INV-GT-B2B-005-2026-01,GT-B2B-005,Guatemala,2026-01-05,2026-02-19,1505991.03,2026-02-24,paid
INV-GT-B2B-005-2026-02,GT-B2B-005,Guatemala,2026-02-05,2026-03-22,1510970.16,2026-03-29,paid
INV-GT-B2B-005-2026-03,GT-B2B-005,Guatemala,2026-03-05,2026-04-19,1567870.3,2026-04-29,paid
INV-GT-B2B-005-2026-04,GT-B2B-005,Guatemala,2026-04-05,2026-05-20,1518993.94,2026-06-12,paid
INV-GT-B2B-005-2026-05,GT-B2B-005,Guatemala,2026-05-05,2026-06-19,1539106.42,2026-07-17,open
INV-GT-B2B-005-2026-06,GT-B2B-005,Guatemala,2026-06-05,2026-07-20,1480891.94,2026-08-25,open
INV-GT-B2B-006-2024-01,GT-B2B-006,Guatemala,2024-01-05,2024-03-05,1329171.7,2024-03-05,paid
INV-GT-B2B-006-2024-02,GT-B2B-006,Guatemala,2024-02-05,2024-04-05,1309679.43,2024-04-09,paid
INV-GT-B2B-006-2024-03,GT-B2B-006,Guatemala,2024-03-05,2024-05-04,1288883.36,2024-05-05,paid
INV-GT-B2B-006-2024-04,GT-B2B-006,Guatemala,2024-04-05,2024-06-04,1285066.51,2024-06-17,paid
INV-GT-B2B-006-2024-05,GT-B2B-006,Guatemala,2024-05-05,2024-07-04,1312127.13,2024-07-19,paid
INV-GT-B2B-006-2024-06,GT-B2B-006,Guatemala,2024-06-05,2024-08-04,1331147.83,2024-08-12,paid
INV-GT-B2B-006-2024-07,GT-B2B-006,Guatemala,2024-07-05,2024-09-03,1349681.89,2024-09-11,paid
INV-GT-B2B-006-2024-08,GT-B2B-006,Guatemala,2024-08-05,2024-10-04,1328495.21,2024-10-09,paid
INV-GT-B2B-006-2024-09,GT-B2B-006,Guatemala,2024-09-05,2024-11-04,1311688.08,2024-11-07,paid
INV-GT-B2B-006-2024-10,GT-B2B-006,Guatemala,2024-10-05,2024-12-04,1339468.05,2024-12-04,paid
INV-GT-B2B-006-2024-11,GT-B2B-006,Guatemala,2024-11-05,2025-01-04,1337262.71,2025-01-09,paid
INV-GT-B2B-006-2024-12,GT-B2B-006,Guatemala,2024-12-05,2025-02-03,1351073.66,2025-02-13,paid
INV-GT-B2B-006-2025-01,GT-B2B-006,Guatemala,2025-01-05,2025-03-06,1372157.67,2025-03-16,paid
INV-GT-B2B-006-2025-02,GT-B2B-006,Guatemala,2025-02-05,2025-04-06,1285345.55,2025-04-12,paid
INV-GT-B2B-006-2025-03,GT-B2B-006,Guatemala,2025-03-05,2025-05-04,1298909.59,2025-05-07,paid
INV-GT-B2B-006-2025-04,GT-B2B-006,Guatemala,2025-04-05,2025-06-04,1373945.78,2025-06-13,paid
INV-GT-B2B-006-2025-05,GT-B2B-006,Guatemala,2025-05-05,2025-07-04,1317822.08,2025-07-05,paid
INV-GT-B2B-006-2025-06,GT-B2B-006,Guatemala,2025-06-05,2025-08-04,1340592.34,2025-08-04,paid
INV-GT-B2B-006-2025-07,GT-B2B-006,Guatemala,2025-07-05,2025-09-03,1325155.75,2025-09-11,paid
INV-GT-B2B-006-2025-08,GT-B2B-006,Guatemala,2025-08-05,2025-10-04,1377893.55,2025-10-13,paid
INV-GT-B2B-006-2025-09,GT-B2B-006,Guatemala,2025-09-05,2025-11-04,1289327.51,2025-11-12,paid
INV-GT-B2B-006-2025-10,GT-B2B-006,Guatemala,2025-10-05,2025-12-04,1355112.01,2025-12-12,paid
INV-GT-B2B-006-2025-11,GT-B2B-006,Guatemala,2025-11-05,2026-01-04,1401109.63,2026-01-04,paid
INV-GT-B2B-006-2025-12,GT-B2B-006,Guatemala,2025-12-05,2026-02-03,1343952.82,2026-02-12,paid
INV-GT-B2B-006-2026-01,GT-B2B-006,Guatemala,2026-01-05,2026-03-06,1320885.3,2026-03-19,paid
INV-GT-B2B-006-2026-02,GT-B2B-006,Guatemala,2026-02-05,2026-04-06,1376849.74,2026-04-16,paid
INV-GT-B2B-006-2026-03,GT-B2B-006,Guatemala,2026-03-05,2026-05-04,1354603.74,2026-05-24,paid
INV-GT-B2B-006-2026-04,GT-B2B-006,Guatemala,2026-04-05,2026-06-04,1403254.46,2026-06-27,paid
INV-GT-B2B-006-2026-05,GT-B2B-006,Guatemala,2026-05-05,2026-07-04,1383490.46,2026-08-04,open
INV-GT-B2B-006-2026-06,GT-B2B-006,Guatemala,2026-06-05,2026-08-04,1356830.65,2026-09-06,open
INV-GT-B2B-007-2024-01,GT-B2B-007,Guatemala,2024-01-05,2024-02-04,1137889.77,2024-02-12,paid
INV-GT-B2B-007-2024-02,GT-B2B-007,Guatemala,2024-02-05,2024-03-06,1167330.23,2024-03-07,paid
INV-GT-B2B-007-2024-03,GT-B2B-007,Guatemala,2024-03-05,2024-04-04,1144215.79,2024-04-17,paid
INV-GT-B2B-007-2024-04,GT-B2B-007,Guatemala,2024-04-05,2024-05-05,1132972.6,2024-05-07,paid
INV-GT-B2B-007-2024-05,GT-B2B-007,Guatemala,2024-05-05,2024-06-04,1157496.6,2024-06-14,paid
INV-GT-B2B-007-2024-06,GT-B2B-007,Guatemala,2024-06-05,2024-07-05,1155968.87,2024-07-18,paid
INV-GT-B2B-007-2024-07,GT-B2B-007,Guatemala,2024-07-05,2024-08-04,1178618.61,2024-08-14,paid
INV-GT-B2B-007-2024-08,GT-B2B-007,Guatemala,2024-08-05,2024-09-04,1174434.1,2024-09-22,paid
INV-GT-B2B-007-2024-09,GT-B2B-007,Guatemala,2024-09-05,2024-10-05,1159626.22,2024-10-05,paid
INV-GT-B2B-007-2024-10,GT-B2B-007,Guatemala,2024-10-05,2024-11-04,1205365.61,2024-11-08,paid
INV-GT-B2B-007-2024-11,GT-B2B-007,Guatemala,2024-11-05,2024-12-05,1172751.07,2024-12-18,paid
INV-GT-B2B-007-2024-12,GT-B2B-007,Guatemala,2024-12-05,2025-01-04,1136151.2,2025-01-04,paid
INV-GT-B2B-007-2025-01,GT-B2B-007,Guatemala,2025-01-05,2025-02-04,1139013.94,2025-02-06,paid
INV-GT-B2B-007-2025-02,GT-B2B-007,Guatemala,2025-02-05,2025-03-07,1189434.63,2025-03-16,paid
INV-GT-B2B-007-2025-03,GT-B2B-007,Guatemala,2025-03-05,2025-04-04,1188518.68,2025-04-04,paid
INV-GT-B2B-007-2025-04,GT-B2B-007,Guatemala,2025-04-05,2025-05-05,1131424.05,2025-05-11,paid
INV-GT-B2B-007-2025-05,GT-B2B-007,Guatemala,2025-05-05,2025-06-04,1176731.27,2025-06-12,paid
INV-GT-B2B-007-2025-06,GT-B2B-007,Guatemala,2025-06-05,2025-07-05,1207693.04,2025-07-12,paid
INV-GT-B2B-007-2025-07,GT-B2B-007,Guatemala,2025-07-05,2025-08-04,1212121.86,2025-08-11,paid
INV-GT-B2B-007-2025-08,GT-B2B-007,Guatemala,2025-08-05,2025-09-04,1209573.65,2025-09-06,paid
INV-GT-B2B-007-2025-09,GT-B2B-007,Guatemala,2025-09-05,2025-10-05,1195508.12,2025-10-12,paid
INV-GT-B2B-007-2025-10,GT-B2B-007,Guatemala,2025-10-05,2025-11-04,1222711.55,2025-11-08,paid
INV-GT-B2B-007-2025-11,GT-B2B-007,Guatemala,2025-11-05,2025-12-05,1218451.31,2025-12-10,paid
INV-GT-B2B-007-2025-12,GT-B2B-007,Guatemala,2025-12-05,2026-01-04,1205993.04,2026-01-14,paid
INV-GT-B2B-007-2026-01,GT-B2B-007,Guatemala,2026-01-05,2026-02-04,1164497.7,2026-02-04,paid
INV-GT-B2B-007-2026-02,GT-B2B-007,Guatemala,2026-02-05,2026-03-07,1179398.09,2026-03-07,paid
INV-GT-B2B-007-2026-03,GT-B2B-007,Guatemala,2026-03-05,2026-04-04,1201510.5,2026-04-24,paid
INV-GT-B2B-007-2026-04,GT-B2B-007,Guatemala,2026-04-05,2026-05-05,1214028.3,2026-05-28,paid
INV-GT-B2B-007-2026-05,GT-B2B-007,Guatemala,2026-05-05,2026-06-04,1250974.59,2026-07-11,open
INV-GT-B2B-007-2026-06,GT-B2B-007,Guatemala,2026-06-05,2026-07-05,1225382.07,2026-08-15,open
INV-GT-B2B-008-2024-01,GT-B2B-008,Guatemala,2024-01-05,2024-02-19,1000537.21,2024-02-21,paid
INV-GT-B2B-008-2024-02,GT-B2B-008,Guatemala,2024-02-05,2024-03-21,989360.41,2024-03-21,paid
INV-GT-B2B-008-2024-03,GT-B2B-008,Guatemala,2024-03-05,2024-04-19,986024.19,2024-04-23,paid
INV-GT-B2B-008-2024-04,GT-B2B-008,Guatemala,2024-04-05,2024-05-20,1022506.4,2024-06-04,paid
INV-GT-B2B-008-2024-05,GT-B2B-008,Guatemala,2024-05-05,2024-06-19,981217.06,2024-06-27,paid
INV-GT-B2B-008-2024-06,GT-B2B-008,Guatemala,2024-06-05,2024-07-20,990414.29,2024-07-28,paid
INV-GT-B2B-008-2024-07,GT-B2B-008,Guatemala,2024-07-05,2024-08-19,1011115.4,2024-08-19,paid
INV-GT-B2B-008-2024-08,GT-B2B-008,Guatemala,2024-08-05,2024-09-19,1035349.06,2024-09-22,paid
INV-GT-B2B-008-2024-09,GT-B2B-008,Guatemala,2024-09-05,2024-10-20,1008023.58,2024-10-21,paid
INV-GT-B2B-008-2024-10,GT-B2B-008,Guatemala,2024-10-05,2024-11-19,1008113.52,2024-11-27,paid
INV-GT-B2B-008-2024-11,GT-B2B-008,Guatemala,2024-11-05,2024-12-20,1020077.34,2024-12-28,paid
INV-GT-B2B-008-2024-12,GT-B2B-008,Guatemala,2024-12-05,2025-01-19,1033962.64,2025-02-01,paid
INV-GT-B2B-008-2025-01,GT-B2B-008,Guatemala,2025-01-05,2025-02-19,1022040.75,2025-02-19,paid
INV-GT-B2B-008-2025-02,GT-B2B-008,Guatemala,2025-02-05,2025-03-22,1053900.9,2025-03-26,paid
INV-GT-B2B-008-2025-03,GT-B2B-008,Guatemala,2025-03-05,2025-04-19,1057537.09,2025-04-27,paid
INV-GT-B2B-008-2025-04,GT-B2B-008,Guatemala,2025-04-05,2025-05-20,1034093.28,2025-05-28,paid
INV-GT-B2B-008-2025-05,GT-B2B-008,Guatemala,2025-05-05,2025-06-19,1080760.39,2025-07-05,paid
INV-GT-B2B-008-2025-06,GT-B2B-008,Guatemala,2025-06-05,2025-07-20,1043446.44,2025-07-27,paid
INV-GT-B2B-008-2025-07,GT-B2B-008,Guatemala,2025-07-05,2025-08-19,1067333.17,2025-08-21,paid
INV-GT-B2B-008-2025-08,GT-B2B-008,Guatemala,2025-08-05,2025-09-19,1054215.26,2025-09-25,paid
INV-GT-B2B-008-2025-09,GT-B2B-008,Guatemala,2025-09-05,2025-10-20,1056445.84,2025-10-22,paid
INV-GT-B2B-008-2025-10,GT-B2B-008,Guatemala,2025-10-05,2025-11-19,1019525.85,2025-11-19,paid
INV-GT-B2B-008-2025-11,GT-B2B-008,Guatemala,2025-11-05,2025-12-20,1031772.51,2025-12-24,paid
INV-GT-B2B-008-2025-12,GT-B2B-008,Guatemala,2025-12-05,2026-01-19,1051543.35,2026-02-04,paid
INV-GT-B2B-008-2026-01,GT-B2B-008,Guatemala,2026-01-05,2026-02-19,1084088.48,2026-02-20,paid
INV-GT-B2B-008-2026-02,GT-B2B-008,Guatemala,2026-02-05,2026-03-22,1070440.99,2026-03-26,paid
INV-GT-B2B-008-2026-03,GT-B2B-008,Guatemala,2026-03-05,2026-04-19,1059636.72,2026-05-06,paid
INV-GT-B2B-008-2026-04,GT-B2B-008,Guatemala,2026-04-05,2026-05-20,1081656.56,2026-06-09,paid
INV-GT-B2B-008-2026-05,GT-B2B-008,Guatemala,2026-05-05,2026-06-19,1094047.59,2026-07-13,open
INV-GT-B2B-008-2026-06,GT-B2B-008,Guatemala,2026-06-05,2026-07-20,1073829.07,2026-09-05,open
INV-GT-B2B-009-2024-01,GT-B2B-009,Guatemala,2024-01-05,2024-03-05,859852.39,2024-03-18,paid
INV-GT-B2B-009-2024-02,GT-B2B-009,Guatemala,2024-02-05,2024-04-05,859736.91,2024-04-14,paid
INV-GT-B2B-009-2024-03,GT-B2B-009,Guatemala,2024-03-05,2024-05-04,859333.62,2024-05-09,paid
INV-GT-B2B-009-2024-04,GT-B2B-009,Guatemala,2024-04-05,2024-06-04,849119.67,2024-06-12,paid
INV-GT-B2B-009-2024-05,GT-B2B-009,Guatemala,2024-05-05,2024-07-04,850016.63,2024-07-13,paid
INV-GT-B2B-009-2024-06,GT-B2B-009,Guatemala,2024-06-05,2024-08-04,885798.31,2024-08-12,paid
INV-GT-B2B-009-2024-07,GT-B2B-009,Guatemala,2024-07-05,2024-09-03,863985.03,2024-09-11,paid
INV-GT-B2B-009-2024-08,GT-B2B-009,Guatemala,2024-08-05,2024-10-04,865756.63,2024-10-15,paid
INV-GT-B2B-009-2024-09,GT-B2B-009,Guatemala,2024-09-05,2024-11-04,841887.22,2024-11-08,paid
INV-GT-B2B-009-2024-10,GT-B2B-009,Guatemala,2024-10-05,2024-12-04,841305.47,2024-12-04,paid
INV-GT-B2B-009-2024-11,GT-B2B-009,Guatemala,2024-11-05,2025-01-04,901937.46,2025-01-14,paid
INV-GT-B2B-009-2024-12,GT-B2B-009,Guatemala,2024-12-05,2025-02-03,867291.57,2025-02-03,paid
INV-GT-B2B-009-2025-01,GT-B2B-009,Guatemala,2025-01-05,2025-03-06,831283.69,2025-03-09,paid
INV-GT-B2B-009-2025-02,GT-B2B-009,Guatemala,2025-02-05,2025-04-06,928125.43,2025-04-14,paid
INV-GT-B2B-009-2025-03,GT-B2B-009,Guatemala,2025-03-05,2025-05-04,876611.59,2025-05-12,paid
INV-GT-B2B-009-2025-04,GT-B2B-009,Guatemala,2025-04-05,2025-06-04,861377.78,2025-06-09,paid
INV-GT-B2B-009-2025-05,GT-B2B-009,Guatemala,2025-05-05,2025-07-04,892689.46,2025-07-10,paid
INV-GT-B2B-009-2025-06,GT-B2B-009,Guatemala,2025-06-05,2025-08-04,907380.81,2025-08-12,paid
INV-GT-B2B-009-2025-07,GT-B2B-009,Guatemala,2025-07-05,2025-09-03,907423.71,2025-09-06,paid
INV-GT-B2B-009-2025-08,GT-B2B-009,Guatemala,2025-08-05,2025-10-04,913877.16,2025-10-18,paid
INV-GT-B2B-009-2025-09,GT-B2B-009,Guatemala,2025-09-05,2025-11-04,882566.16,2025-11-06,paid
INV-GT-B2B-009-2025-10,GT-B2B-009,Guatemala,2025-10-05,2025-12-04,926532.67,2025-12-09,paid
INV-GT-B2B-009-2025-11,GT-B2B-009,Guatemala,2025-11-05,2026-01-04,930113.79,2026-01-08,paid
INV-GT-B2B-009-2025-12,GT-B2B-009,Guatemala,2025-12-05,2026-02-03,933394.83,2026-02-10,paid
INV-GT-B2B-009-2026-01,GT-B2B-009,Guatemala,2026-01-05,2026-03-06,913596.35,2026-03-20,paid
INV-GT-B2B-009-2026-02,GT-B2B-009,Guatemala,2026-02-05,2026-04-06,904593.56,2026-04-07,paid
INV-GT-B2B-009-2026-03,GT-B2B-009,Guatemala,2026-03-05,2026-05-04,905282.22,2026-05-22,paid
INV-GT-B2B-009-2026-04,GT-B2B-009,Guatemala,2026-04-05,2026-06-04,887492.19,2026-06-29,paid
INV-GT-B2B-009-2026-05,GT-B2B-009,Guatemala,2026-05-05,2026-07-04,908174.33,2026-08-09,open
INV-GT-B2B-009-2026-06,GT-B2B-009,Guatemala,2026-06-05,2026-08-04,877277.58,2026-09-03,open
INV-GT-B2B-010-2024-01,GT-B2B-010,Guatemala,2024-01-05,2024-02-04,689694.14,2024-02-06,paid
INV-GT-B2B-010-2024-02,GT-B2B-010,Guatemala,2024-02-05,2024-03-06,718688.32,2024-03-11,paid
INV-GT-B2B-010-2024-03,GT-B2B-010,Guatemala,2024-03-05,2024-04-04,713301.21,2024-04-09,paid
INV-GT-B2B-010-2024-04,GT-B2B-010,Guatemala,2024-04-05,2024-05-05,721646.92,2024-05-06,paid
INV-GT-B2B-010-2024-05,GT-B2B-010,Guatemala,2024-05-05,2024-06-04,730772.43,2024-06-13,paid
INV-GT-B2B-010-2024-06,GT-B2B-010,Guatemala,2024-06-05,2024-07-05,727899.32,2024-07-14,paid
INV-GT-B2B-010-2024-07,GT-B2B-010,Guatemala,2024-07-05,2024-08-04,728426.86,2024-08-20,paid
INV-GT-B2B-010-2024-08,GT-B2B-010,Guatemala,2024-08-05,2024-09-04,724668.17,2024-09-08,paid
INV-GT-B2B-010-2024-09,GT-B2B-010,Guatemala,2024-09-05,2024-10-05,716861.08,2024-10-06,paid
INV-GT-B2B-010-2024-10,GT-B2B-010,Guatemala,2024-10-05,2024-11-04,711631.39,2024-11-06,paid
INV-GT-B2B-010-2024-11,GT-B2B-010,Guatemala,2024-11-05,2024-12-05,730356.5,2024-12-13,paid
INV-GT-B2B-010-2024-12,GT-B2B-010,Guatemala,2024-12-05,2025-01-04,733968.49,2025-01-06,paid
INV-GT-B2B-010-2025-01,GT-B2B-010,Guatemala,2025-01-05,2025-02-04,748404.67,2025-02-14,paid
INV-GT-B2B-010-2025-02,GT-B2B-010,Guatemala,2025-02-05,2025-03-07,734539.71,2025-03-10,paid
INV-GT-B2B-010-2025-03,GT-B2B-010,Guatemala,2025-03-05,2025-04-04,746878.46,2025-04-11,paid
INV-GT-B2B-010-2025-04,GT-B2B-010,Guatemala,2025-04-05,2025-05-05,719436.48,2025-05-11,paid
INV-GT-B2B-010-2025-05,GT-B2B-010,Guatemala,2025-05-05,2025-06-04,746330.39,2025-06-06,paid
INV-GT-B2B-010-2025-06,GT-B2B-010,Guatemala,2025-06-05,2025-07-05,747116.71,2025-07-05,paid
INV-GT-B2B-010-2025-07,GT-B2B-010,Guatemala,2025-07-05,2025-08-04,766354.72,2025-08-16,paid
INV-GT-B2B-010-2025-08,GT-B2B-010,Guatemala,2025-08-05,2025-09-04,744243.27,2025-09-12,paid
INV-GT-B2B-010-2025-09,GT-B2B-010,Guatemala,2025-09-05,2025-10-05,714595.57,2025-10-05,paid
INV-GT-B2B-010-2025-10,GT-B2B-010,Guatemala,2025-10-05,2025-11-04,747352.15,2025-11-05,paid
INV-GT-B2B-010-2025-11,GT-B2B-010,Guatemala,2025-11-05,2025-12-05,764480.77,2025-12-21,paid
INV-GT-B2B-010-2025-12,GT-B2B-010,Guatemala,2025-12-05,2026-01-04,737948.12,2026-01-06,paid
INV-GT-B2B-010-2026-01,GT-B2B-010,Guatemala,2026-01-05,2026-02-04,760983.5,2026-02-18,paid
INV-GT-B2B-010-2026-02,GT-B2B-010,Guatemala,2026-02-05,2026-03-07,740964.04,2026-03-14,paid
INV-GT-B2B-010-2026-03,GT-B2B-010,Guatemala,2026-03-05,2026-04-04,789438.9,2026-04-14,paid
INV-GT-B2B-010-2026-04,GT-B2B-010,Guatemala,2026-04-05,2026-05-05,743799.84,2026-05-25,paid
INV-GT-B2B-010-2026-05,GT-B2B-010,Guatemala,2026-05-05,2026-06-04,757087.21,2026-07-08,open
INV-GT-B2B-010-2026-06,GT-B2B-010,Guatemala,2026-06-05,2026-07-05,770639.2,2026-08-02,open
INV-GT-B2B-011-2024-01,GT-B2B-011,Guatemala,2024-01-05,2024-02-19,576596.22,2024-02-22,paid
INV-GT-B2B-011-2024-02,GT-B2B-011,Guatemala,2024-02-05,2024-03-21,586879.7,2024-03-24,paid
INV-GT-B2B-011-2024-03,GT-B2B-011,Guatemala,2024-03-05,2024-04-19,566283.87,2024-04-28,paid
INV-GT-B2B-011-2024-04,GT-B2B-011,Guatemala,2024-04-05,2024-05-20,583814.44,2024-05-28,paid
INV-GT-B2B-011-2024-05,GT-B2B-011,Guatemala,2024-05-05,2024-06-19,557303.29,2024-06-28,paid
INV-GT-B2B-011-2024-06,GT-B2B-011,Guatemala,2024-06-05,2024-07-20,566021.62,2024-07-27,paid
INV-GT-B2B-011-2024-07,GT-B2B-011,Guatemala,2024-07-05,2024-08-19,563034.34,2024-08-27,paid
INV-GT-B2B-011-2024-08,GT-B2B-011,Guatemala,2024-08-05,2024-09-19,571451.84,2024-09-19,paid
INV-GT-B2B-011-2024-09,GT-B2B-011,Guatemala,2024-09-05,2024-10-20,590568.41,2024-10-27,paid
INV-GT-B2B-011-2024-10,GT-B2B-011,Guatemala,2024-10-05,2024-11-19,576529.45,2024-12-02,paid
INV-GT-B2B-011-2024-11,GT-B2B-011,Guatemala,2024-11-05,2024-12-20,579977.77,2024-12-26,paid
INV-GT-B2B-011-2024-12,GT-B2B-011,Guatemala,2024-12-05,2025-01-19,589737.77,2025-01-22,paid
INV-GT-B2B-011-2025-01,GT-B2B-011,Guatemala,2025-01-05,2025-02-19,593608.09,2025-02-22,paid
INV-GT-B2B-011-2025-02,GT-B2B-011,Guatemala,2025-02-05,2025-03-22,584677.67,2025-04-04,paid
INV-GT-B2B-011-2025-03,GT-B2B-011,Guatemala,2025-03-05,2025-04-19,578812.52,2025-04-19,paid
INV-GT-B2B-011-2025-04,GT-B2B-011,Guatemala,2025-04-05,2025-05-20,611861.51,2025-06-08,paid
INV-GT-B2B-011-2025-05,GT-B2B-011,Guatemala,2025-05-05,2025-06-19,589148.77,2025-06-19,paid
INV-GT-B2B-011-2025-06,GT-B2B-011,Guatemala,2025-06-05,2025-07-20,591742.35,2025-07-25,paid
INV-GT-B2B-011-2025-07,GT-B2B-011,Guatemala,2025-07-05,2025-08-19,594653.81,2025-08-19,paid
INV-GT-B2B-011-2025-08,GT-B2B-011,Guatemala,2025-08-05,2025-09-19,605385.82,2025-09-28,paid
INV-GT-B2B-011-2025-09,GT-B2B-011,Guatemala,2025-09-05,2025-10-20,582240.46,2025-10-29,paid
INV-GT-B2B-011-2025-10,GT-B2B-011,Guatemala,2025-10-05,2025-11-19,626608.67,2025-11-26,paid
INV-GT-B2B-011-2025-11,GT-B2B-011,Guatemala,2025-11-05,2025-12-20,598854.64,2025-12-25,paid
INV-GT-B2B-011-2025-12,GT-B2B-011,Guatemala,2025-12-05,2026-01-19,611899.11,2026-01-19,paid
INV-GT-B2B-011-2026-01,GT-B2B-011,Guatemala,2026-01-05,2026-02-19,607922.23,2026-02-23,paid
INV-GT-B2B-011-2026-02,GT-B2B-011,Guatemala,2026-02-05,2026-03-22,630310.49,2026-03-27,paid
INV-GT-B2B-011-2026-03,GT-B2B-011,Guatemala,2026-03-05,2026-04-19,629616.35,2026-04-29,paid
INV-GT-B2B-011-2026-04,GT-B2B-011,Guatemala,2026-04-05,2026-05-20,617695.1,2026-06-13,paid
INV-GT-B2B-011-2026-05,GT-B2B-011,Guatemala,2026-05-05,2026-06-19,601463.43,2026-07-20,open
INV-GT-B2B-011-2026-06,GT-B2B-011,Guatemala,2026-06-05,2026-07-20,628599.25,2026-08-21,open
INV-GT-B2B-012-2024-01,GT-B2B-012,Guatemala,2024-01-05,2024-03-05,413771.01,2024-03-11,paid
INV-GT-B2B-012-2024-02,GT-B2B-012,Guatemala,2024-02-05,2024-04-05,421407.53,2024-04-09,paid
INV-GT-B2B-012-2024-03,GT-B2B-012,Guatemala,2024-03-05,2024-05-04,429453.71,2024-05-04,paid
INV-GT-B2B-012-2024-04,GT-B2B-012,Guatemala,2024-04-05,2024-06-04,417518.74,2024-06-12,paid
INV-GT-B2B-012-2024-05,GT-B2B-012,Guatemala,2024-05-05,2024-07-04,427812.54,2024-07-04,paid
INV-GT-B2B-012-2024-06,GT-B2B-012,Guatemala,2024-06-05,2024-08-04,440245.81,2024-08-11,paid
INV-GT-B2B-012-2024-07,GT-B2B-012,Guatemala,2024-07-05,2024-09-03,428313.64,2024-09-03,paid
INV-GT-B2B-012-2024-08,GT-B2B-012,Guatemala,2024-08-05,2024-10-04,442901.0,2024-10-12,paid
INV-GT-B2B-012-2024-09,GT-B2B-012,Guatemala,2024-09-05,2024-11-04,457958.72,2024-11-12,paid
INV-GT-B2B-012-2024-10,GT-B2B-012,Guatemala,2024-10-05,2024-12-04,441146.91,2024-12-09,paid
INV-GT-B2B-012-2024-11,GT-B2B-012,Guatemala,2024-11-05,2025-01-04,446061.25,2025-01-13,paid
INV-GT-B2B-012-2024-12,GT-B2B-012,Guatemala,2024-12-05,2025-02-03,451083.35,2025-02-06,paid
INV-GT-B2B-012-2025-01,GT-B2B-012,Guatemala,2025-01-05,2025-03-06,437206.83,2025-03-10,paid
INV-GT-B2B-012-2025-02,GT-B2B-012,Guatemala,2025-02-05,2025-04-06,449181.68,2025-04-19,paid
INV-GT-B2B-012-2025-03,GT-B2B-012,Guatemala,2025-03-05,2025-05-04,439189.71,2025-05-08,paid
INV-GT-B2B-012-2025-04,GT-B2B-012,Guatemala,2025-04-05,2025-06-04,447146.69,2025-06-09,paid
INV-GT-B2B-012-2025-05,GT-B2B-012,Guatemala,2025-05-05,2025-07-04,454020.85,2025-07-04,paid
INV-GT-B2B-012-2025-06,GT-B2B-012,Guatemala,2025-06-05,2025-08-04,439248.28,2025-08-06,paid
INV-GT-B2B-012-2025-07,GT-B2B-012,Guatemala,2025-07-05,2025-09-03,427386.47,2025-09-04,paid
INV-GT-B2B-012-2025-08,GT-B2B-012,Guatemala,2025-08-05,2025-10-04,440667.03,2025-10-09,paid
INV-GT-B2B-012-2025-09,GT-B2B-012,Guatemala,2025-09-05,2025-11-04,460056.3,2025-11-09,paid
INV-GT-B2B-012-2025-10,GT-B2B-012,Guatemala,2025-10-05,2025-12-04,441849.87,2025-12-10,paid
INV-GT-B2B-012-2025-11,GT-B2B-012,Guatemala,2025-11-05,2026-01-04,461769.94,2026-01-05,paid
INV-GT-B2B-012-2025-12,GT-B2B-012,Guatemala,2025-12-05,2026-02-03,445131.04,2026-02-12,paid
INV-GT-B2B-012-2026-01,GT-B2B-012,Guatemala,2026-01-05,2026-03-06,452436.02,2026-03-15,paid
INV-GT-B2B-012-2026-02,GT-B2B-012,Guatemala,2026-02-05,2026-04-06,455456.87,2026-04-16,paid
INV-GT-B2B-012-2026-03,GT-B2B-012,Guatemala,2026-03-05,2026-05-04,447362.52,2026-05-20,paid
INV-GT-B2B-012-2026-04,GT-B2B-012,Guatemala,2026-04-05,2026-06-04,455936.67,2026-06-20,paid
INV-GT-B2B-012-2026-05,GT-B2B-012,Guatemala,2026-05-05,2026-07-04,444875.76,2026-08-06,open
INV-GT-B2B-012-2026-06,GT-B2B-012,Guatemala,2026-06-05,2026-08-04,456935.59,2026-09-02,open
INV-GT-B2B-013-2024-01,GT-B2B-013,Guatemala,2024-01-05,2024-02-04,284793.19,2024-02-16,paid
INV-GT-B2B-013-2024-02,GT-B2B-013,Guatemala,2024-02-05,2024-03-06,273299.69,2024-03-06,paid
INV-GT-B2B-013-2024-03,GT-B2B-013,Guatemala,2024-03-05,2024-04-04,281525.46,2024-04-17,paid
INV-GT-B2B-013-2024-04,GT-B2B-013,Guatemala,2024-04-05,2024-05-05,289116.36,2024-05-15,paid
INV-GT-B2B-013-2024-05,GT-B2B-013,Guatemala,2024-05-05,2024-06-04,281708.02,2024-06-04,paid
INV-GT-B2B-013-2024-06,GT-B2B-013,Guatemala,2024-06-05,2024-07-05,291525.51,2024-07-11,paid
INV-GT-B2B-013-2024-07,GT-B2B-013,Guatemala,2024-07-05,2024-08-04,292844.84,2024-08-09,paid
INV-GT-B2B-013-2024-08,GT-B2B-013,Guatemala,2024-08-05,2024-09-04,291992.43,2024-09-11,paid
INV-GT-B2B-013-2024-09,GT-B2B-013,Guatemala,2024-09-05,2024-10-05,295662.1,2024-10-15,paid
INV-GT-B2B-013-2024-10,GT-B2B-013,Guatemala,2024-10-05,2024-11-04,282523.39,2024-11-04,paid
INV-GT-B2B-013-2024-11,GT-B2B-013,Guatemala,2024-11-05,2024-12-05,298476.31,2024-12-17,paid
INV-GT-B2B-013-2024-12,GT-B2B-013,Guatemala,2024-12-05,2025-01-04,287361.23,2025-01-04,paid
INV-GT-B2B-013-2025-01,GT-B2B-013,Guatemala,2025-01-05,2025-02-04,294603.42,2025-02-15,paid
INV-GT-B2B-013-2025-02,GT-B2B-013,Guatemala,2025-02-05,2025-03-07,305545.34,2025-03-16,paid
INV-GT-B2B-013-2025-03,GT-B2B-013,Guatemala,2025-03-05,2025-04-04,293303.77,2025-04-06,paid
INV-GT-B2B-013-2025-04,GT-B2B-013,Guatemala,2025-04-05,2025-05-05,296299.0,2025-05-10,paid
INV-GT-B2B-013-2025-05,GT-B2B-013,Guatemala,2025-05-05,2025-06-04,291003.58,2025-06-20,paid
INV-GT-B2B-013-2025-06,GT-B2B-013,Guatemala,2025-06-05,2025-07-05,308535.58,2025-07-17,paid
INV-GT-B2B-013-2025-07,GT-B2B-013,Guatemala,2025-07-05,2025-08-04,293012.04,2025-08-14,paid
INV-GT-B2B-013-2025-08,GT-B2B-013,Guatemala,2025-08-05,2025-09-04,303056.76,2025-09-12,paid
INV-GT-B2B-013-2025-09,GT-B2B-013,Guatemala,2025-09-05,2025-10-05,307543.87,2025-10-14,paid
INV-GT-B2B-013-2025-10,GT-B2B-013,Guatemala,2025-10-05,2025-11-04,305186.06,2025-11-13,paid
INV-GT-B2B-013-2025-11,GT-B2B-013,Guatemala,2025-11-05,2025-12-05,303515.91,2025-12-05,paid
INV-GT-B2B-013-2025-12,GT-B2B-013,Guatemala,2025-12-05,2026-01-04,302713.71,2026-01-07,paid
INV-GT-B2B-013-2026-01,GT-B2B-013,Guatemala,2026-01-05,2026-02-04,295306.9,2026-02-18,paid
INV-GT-B2B-013-2026-02,GT-B2B-013,Guatemala,2026-02-05,2026-03-07,314407.14,2026-03-20,paid
INV-GT-B2B-013-2026-03,GT-B2B-013,Guatemala,2026-03-05,2026-04-04,306038.22,2026-04-27,paid
INV-GT-B2B-013-2026-04,GT-B2B-013,Guatemala,2026-04-05,2026-05-05,305314.89,2026-05-28,paid
INV-GT-B2B-013-2026-05,GT-B2B-013,Guatemala,2026-05-05,2026-06-04,299384.91,2026-07-06,open
INV-GT-B2B-013-2026-06,GT-B2B-013,Guatemala,2026-06-05,2026-07-05,307140.13,2026-08-02,open
INV-GT-B2B-014-2024-01,GT-B2B-014,Guatemala,2024-01-05,2024-02-19,142524.76,2024-02-25,paid
INV-GT-B2B-014-2024-02,GT-B2B-014,Guatemala,2024-02-05,2024-03-21,148263.01,2024-03-31,paid
INV-GT-B2B-014-2024-03,GT-B2B-014,Guatemala,2024-03-05,2024-04-19,143417.84,2024-04-26,paid
INV-GT-B2B-014-2024-04,GT-B2B-014,Guatemala,2024-04-05,2024-05-20,143870.64,2024-05-25,paid
INV-GT-B2B-014-2024-05,GT-B2B-014,Guatemala,2024-05-05,2024-06-19,141016.75,2024-06-24,paid
INV-GT-B2B-014-2024-06,GT-B2B-014,Guatemala,2024-06-05,2024-07-20,142323.42,2024-07-20,paid
INV-GT-B2B-014-2024-07,GT-B2B-014,Guatemala,2024-07-05,2024-08-19,146312.59,2024-08-27,paid
INV-GT-B2B-014-2024-08,GT-B2B-014,Guatemala,2024-08-05,2024-09-19,140089.8,2024-09-24,paid
INV-GT-B2B-014-2024-09,GT-B2B-014,Guatemala,2024-09-05,2024-10-20,148476.8,2024-10-31,paid
INV-GT-B2B-014-2024-10,GT-B2B-014,Guatemala,2024-10-05,2024-11-19,148937.73,2024-11-25,paid
INV-GT-B2B-014-2024-11,GT-B2B-014,Guatemala,2024-11-05,2024-12-20,143826.48,2024-12-21,paid
INV-GT-B2B-014-2024-12,GT-B2B-014,Guatemala,2024-12-05,2025-01-19,147657.8,2025-01-27,paid
INV-GT-B2B-014-2025-01,GT-B2B-014,Guatemala,2025-01-05,2025-02-19,150844.4,2025-03-02,paid
INV-GT-B2B-014-2025-02,GT-B2B-014,Guatemala,2025-02-05,2025-03-22,146988.53,2025-03-22,paid
INV-GT-B2B-014-2025-03,GT-B2B-014,Guatemala,2025-03-05,2025-04-19,146806.27,2025-04-26,paid
INV-GT-B2B-014-2025-04,GT-B2B-014,Guatemala,2025-04-05,2025-05-20,147518.15,2025-05-23,paid
INV-GT-B2B-014-2025-05,GT-B2B-014,Guatemala,2025-05-05,2025-06-19,149238.76,2025-06-22,paid
INV-GT-B2B-014-2025-06,GT-B2B-014,Guatemala,2025-06-05,2025-07-20,146998.93,2025-07-28,paid
INV-GT-B2B-014-2025-07,GT-B2B-014,Guatemala,2025-07-05,2025-08-19,148034.25,2025-08-26,paid
INV-GT-B2B-014-2025-08,GT-B2B-014,Guatemala,2025-08-05,2025-09-19,150421.97,2025-09-19,paid
INV-GT-B2B-014-2025-09,GT-B2B-014,Guatemala,2025-09-05,2025-10-20,148539.73,2025-11-02,paid
INV-GT-B2B-014-2025-10,GT-B2B-014,Guatemala,2025-10-05,2025-11-19,146897.13,2025-11-19,paid
INV-GT-B2B-014-2025-11,GT-B2B-014,Guatemala,2025-11-05,2025-12-20,145217.72,2025-12-26,paid
INV-GT-B2B-014-2025-12,GT-B2B-014,Guatemala,2025-12-05,2026-01-19,151197.4,2026-01-24,paid
INV-GT-B2B-014-2026-01,GT-B2B-014,Guatemala,2026-01-05,2026-02-19,155205.27,2026-02-19,paid
INV-GT-B2B-014-2026-02,GT-B2B-014,Guatemala,2026-02-05,2026-03-22,153067.71,2026-04-05,paid
INV-GT-B2B-014-2026-03,GT-B2B-014,Guatemala,2026-03-05,2026-04-19,148844.62,2026-05-03,paid
INV-GT-B2B-014-2026-04,GT-B2B-014,Guatemala,2026-04-05,2026-05-20,150339.73,2026-06-07,paid
INV-GT-B2B-014-2026-05,GT-B2B-014,Guatemala,2026-05-05,2026-06-19,152007.08,2026-07-26,open
INV-GT-B2B-014-2026-06,GT-B2B-014,Guatemala,2026-06-05,2026-07-20,159126.09,2026-08-21,open
INV-CO-B2B-001-2024-01,CO-B2B-001,Colombia,2024-01-05,2024-02-04,3371698.2,2024-02-10,paid
INV-CO-B2B-001-2024-02,CO-B2B-001,Colombia,2024-02-05,2024-03-06,3369909.98,2024-03-12,paid
INV-CO-B2B-001-2024-03,CO-B2B-001,Colombia,2024-03-05,2024-04-04,3270458.69,2024-04-12,paid
INV-CO-B2B-001-2024-04,CO-B2B-001,Colombia,2024-04-05,2024-05-05,3484703.79,2024-05-15,paid
INV-CO-B2B-001-2024-05,CO-B2B-001,Colombia,2024-05-05,2024-06-04,3232182.35,2024-06-15,paid
INV-CO-B2B-001-2024-06,CO-B2B-001,Colombia,2024-06-05,2024-07-05,3262726.12,2024-07-09,paid
INV-CO-B2B-001-2024-07,CO-B2B-001,Colombia,2024-07-05,2024-08-04,3355056.59,2024-08-10,paid
INV-CO-B2B-001-2024-08,CO-B2B-001,Colombia,2024-08-05,2024-09-04,3321329.02,2024-09-10,paid
INV-CO-B2B-001-2024-09,CO-B2B-001,Colombia,2024-09-05,2024-10-05,3333497.44,2024-10-13,paid
INV-CO-B2B-001-2024-10,CO-B2B-001,Colombia,2024-10-05,2024-11-04,3193277.8,2024-11-13,paid
INV-CO-B2B-001-2024-11,CO-B2B-001,Colombia,2024-11-05,2024-12-05,3262989.32,2024-12-05,paid
INV-CO-B2B-001-2024-12,CO-B2B-001,Colombia,2024-12-05,2025-01-04,3332133.49,2025-01-10,paid
INV-CO-B2B-001-2025-01,CO-B2B-001,Colombia,2025-01-05,2025-02-04,3298301.93,2025-02-14,paid
INV-CO-B2B-001-2025-02,CO-B2B-001,Colombia,2025-02-05,2025-03-07,3263927.65,2025-03-11,paid
INV-CO-B2B-001-2025-03,CO-B2B-001,Colombia,2025-03-05,2025-04-04,3322023.78,2025-04-10,paid
INV-CO-B2B-001-2025-04,CO-B2B-001,Colombia,2025-04-05,2025-05-05,3388359.29,2025-05-06,paid
INV-CO-B2B-001-2025-05,CO-B2B-001,Colombia,2025-05-05,2025-06-04,3427225.59,2025-06-10,paid
INV-CO-B2B-001-2025-06,CO-B2B-001,Colombia,2025-06-05,2025-07-05,3260639.59,2025-07-05,paid
INV-CO-B2B-001-2025-07,CO-B2B-001,Colombia,2025-07-05,2025-08-04,3394012.29,2025-08-09,paid
INV-CO-B2B-001-2025-08,CO-B2B-001,Colombia,2025-08-05,2025-09-04,3396303.56,2025-09-10,paid
INV-CO-B2B-001-2025-09,CO-B2B-001,Colombia,2025-09-05,2025-10-05,3427270.36,2025-10-16,paid
INV-CO-B2B-001-2025-10,CO-B2B-001,Colombia,2025-10-05,2025-11-04,3345204.13,2025-11-04,paid
INV-CO-B2B-001-2025-11,CO-B2B-001,Colombia,2025-11-05,2025-12-05,3354759.95,2025-12-12,paid
INV-CO-B2B-001-2025-12,CO-B2B-001,Colombia,2025-12-05,2026-01-04,3524161.45,2026-01-08,paid
INV-CO-B2B-001-2026-01,CO-B2B-001,Colombia,2026-01-05,2026-02-04,3277911.42,2026-02-04,paid
INV-CO-B2B-001-2026-02,CO-B2B-001,Colombia,2026-02-05,2026-03-07,3397624.8,2026-03-10,paid
INV-CO-B2B-001-2026-03,CO-B2B-001,Colombia,2026-03-05,2026-04-04,3435170.1,2026-04-10,paid
INV-CO-B2B-001-2026-04,CO-B2B-001,Colombia,2026-04-05,2026-05-05,3450420.71,2026-05-16,paid
INV-CO-B2B-001-2026-05,CO-B2B-001,Colombia,2026-05-05,2026-06-04,3433937.73,2026-06-06,paid
INV-CO-B2B-001-2026-06,CO-B2B-001,Colombia,2026-06-05,2026-07-05,3522962.89,2026-07-05,open
INV-CO-B2B-002-2024-01,CO-B2B-002,Colombia,2024-01-05,2024-02-19,2113091.68,2024-02-26,paid
INV-CO-B2B-002-2024-02,CO-B2B-002,Colombia,2024-02-05,2024-03-21,2095739.19,2024-04-04,paid
INV-CO-B2B-002-2024-03,CO-B2B-002,Colombia,2024-03-05,2024-04-19,2081123.53,2024-05-05,paid
INV-CO-B2B-002-2024-04,CO-B2B-002,Colombia,2024-04-05,2024-05-20,2102948.29,2024-05-20,paid
INV-CO-B2B-002-2024-05,CO-B2B-002,Colombia,2024-05-05,2024-06-19,2120695.72,2024-06-20,paid
INV-CO-B2B-002-2024-06,CO-B2B-002,Colombia,2024-06-05,2024-07-20,2091345.37,2024-07-28,paid
INV-CO-B2B-002-2024-07,CO-B2B-002,Colombia,2024-07-05,2024-08-19,2152115.3,2024-08-22,paid
INV-CO-B2B-002-2024-08,CO-B2B-002,Colombia,2024-08-05,2024-09-19,2176209.4,2024-10-01,paid
INV-CO-B2B-002-2024-09,CO-B2B-002,Colombia,2024-09-05,2024-10-20,2201324.82,2024-10-29,paid
INV-CO-B2B-002-2024-10,CO-B2B-002,Colombia,2024-10-05,2024-11-19,2203614.11,2024-11-19,paid
INV-CO-B2B-002-2024-11,CO-B2B-002,Colombia,2024-11-05,2024-12-20,2136072.72,2024-12-22,paid
INV-CO-B2B-002-2024-12,CO-B2B-002,Colombia,2024-12-05,2025-01-19,2160216.6,2025-01-22,paid
INV-CO-B2B-002-2025-01,CO-B2B-002,Colombia,2025-01-05,2025-02-19,2153291.71,2025-03-06,paid
INV-CO-B2B-002-2025-02,CO-B2B-002,Colombia,2025-02-05,2025-03-22,2158521.16,2025-03-30,paid
INV-CO-B2B-002-2025-03,CO-B2B-002,Colombia,2025-03-05,2025-04-19,2161212.12,2025-04-25,paid
INV-CO-B2B-002-2025-04,CO-B2B-002,Colombia,2025-04-05,2025-05-20,2176965.27,2025-05-28,paid
INV-CO-B2B-002-2025-05,CO-B2B-002,Colombia,2025-05-05,2025-06-19,2233599.76,2025-07-03,paid
INV-CO-B2B-002-2025-06,CO-B2B-002,Colombia,2025-06-05,2025-07-20,2201188.98,2025-07-29,paid
INV-CO-B2B-002-2025-07,CO-B2B-002,Colombia,2025-07-05,2025-08-19,2143167.44,2025-08-25,paid
INV-CO-B2B-002-2025-08,CO-B2B-002,Colombia,2025-08-05,2025-09-19,2240288.85,2025-09-29,paid
INV-CO-B2B-002-2025-09,CO-B2B-002,Colombia,2025-09-05,2025-10-20,2213396.23,2025-10-30,paid
INV-CO-B2B-002-2025-10,CO-B2B-002,Colombia,2025-10-05,2025-11-19,2231352.97,2025-12-01,paid
INV-CO-B2B-002-2025-11,CO-B2B-002,Colombia,2025-11-05,2025-12-20,2227938.77,2025-12-24,paid
INV-CO-B2B-002-2025-12,CO-B2B-002,Colombia,2025-12-05,2026-01-19,2235585.95,2026-01-19,paid
INV-CO-B2B-002-2026-01,CO-B2B-002,Colombia,2026-01-05,2026-02-19,2243284.61,2026-02-19,paid
INV-CO-B2B-002-2026-02,CO-B2B-002,Colombia,2026-02-05,2026-03-22,2156121.55,2026-03-30,paid
INV-CO-B2B-002-2026-03,CO-B2B-002,Colombia,2026-03-05,2026-04-19,2258786.6,2026-04-19,paid
INV-CO-B2B-002-2026-04,CO-B2B-002,Colombia,2026-04-05,2026-05-20,2211192.62,2026-06-02,paid
INV-CO-B2B-002-2026-05,CO-B2B-002,Colombia,2026-05-05,2026-06-19,2226855.14,2026-07-06,open
INV-CO-B2B-002-2026-06,CO-B2B-002,Colombia,2026-06-05,2026-07-20,2254051.86,2026-07-28,open
INV-CO-B2B-003-2024-01,CO-B2B-003,Colombia,2024-01-05,2024-03-05,1615776.47,2024-03-12,paid
INV-CO-B2B-003-2024-02,CO-B2B-003,Colombia,2024-02-05,2024-04-05,1537147.06,2024-04-10,paid
INV-CO-B2B-003-2024-03,CO-B2B-003,Colombia,2024-03-05,2024-05-04,1571074.35,2024-05-04,paid
INV-CO-B2B-003-2024-04,CO-B2B-003,Colombia,2024-04-05,2024-06-04,1568080.31,2024-06-06,paid
INV-CO-B2B-003-2024-05,CO-B2B-003,Colombia,2024-05-05,2024-07-04,1609547.06,2024-07-10,paid
INV-CO-B2B-003-2024-06,CO-B2B-003,Colombia,2024-06-05,2024-08-04,1575080.88,2024-08-09,paid
INV-CO-B2B-003-2024-07,CO-B2B-003,Colombia,2024-07-05,2024-09-03,1595076.76,2024-09-12,paid
INV-CO-B2B-003-2024-08,CO-B2B-003,Colombia,2024-08-05,2024-10-04,1560430.98,2024-10-05,paid
INV-CO-B2B-003-2024-09,CO-B2B-003,Colombia,2024-09-05,2024-11-04,1631576.56,2024-11-08,paid
INV-CO-B2B-003-2024-10,CO-B2B-003,Colombia,2024-10-05,2024-12-04,1555214.09,2024-12-12,paid
INV-CO-B2B-003-2024-11,CO-B2B-003,Colombia,2024-11-05,2025-01-04,1618847.27,2025-01-04,paid
INV-CO-B2B-003-2024-12,CO-B2B-003,Colombia,2024-12-05,2025-02-03,1615320.6,2025-02-13,paid
INV-CO-B2B-003-2025-01,CO-B2B-003,Colombia,2025-01-05,2025-03-06,1624058.77,2025-03-15,paid
INV-CO-B2B-003-2025-02,CO-B2B-003,Colombia,2025-02-05,2025-04-06,1571219.7,2025-04-14,paid
INV-CO-B2B-003-2025-03,CO-B2B-003,Colombia,2025-03-05,2025-05-04,1610238.11,2025-05-08,paid
INV-CO-B2B-003-2025-04,CO-B2B-003,Colombia,2025-04-05,2025-06-04,1652587.85,2025-06-17,paid
INV-CO-B2B-003-2025-05,CO-B2B-003,Colombia,2025-05-05,2025-07-04,1687613.87,2025-07-17,paid
INV-CO-B2B-003-2025-06,CO-B2B-003,Colombia,2025-06-05,2025-08-04,1628615.74,2025-08-12,paid
INV-CO-B2B-003-2025-07,CO-B2B-003,Colombia,2025-07-05,2025-09-03,1661562.52,2025-09-10,paid
INV-CO-B2B-003-2025-08,CO-B2B-003,Colombia,2025-08-05,2025-10-04,1644660.77,2025-10-14,paid
INV-CO-B2B-003-2025-09,CO-B2B-003,Colombia,2025-09-05,2025-11-04,1642517.44,2025-11-06,paid
INV-CO-B2B-003-2025-10,CO-B2B-003,Colombia,2025-10-05,2025-12-04,1634967.88,2025-12-13,paid
INV-CO-B2B-003-2025-11,CO-B2B-003,Colombia,2025-11-05,2026-01-04,1652797.6,2026-01-12,paid
INV-CO-B2B-003-2025-12,CO-B2B-003,Colombia,2025-12-05,2026-02-03,1679184.01,2026-02-07,paid
INV-CO-B2B-003-2026-01,CO-B2B-003,Colombia,2026-01-05,2026-03-06,1686285.57,2026-03-14,paid
INV-CO-B2B-003-2026-02,CO-B2B-003,Colombia,2026-02-05,2026-04-06,1624506.18,2026-04-19,paid
INV-CO-B2B-003-2026-03,CO-B2B-003,Colombia,2026-03-05,2026-05-04,1652653.42,2026-05-04,paid
INV-CO-B2B-003-2026-04,CO-B2B-003,Colombia,2026-04-05,2026-06-04,1638847.14,2026-06-05,paid
INV-CO-B2B-003-2026-05,CO-B2B-003,Colombia,2026-05-05,2026-07-04,1679396.07,2026-07-09,open
INV-CO-B2B-003-2026-06,CO-B2B-003,Colombia,2026-06-05,2026-08-04,1670546.84,2026-08-13,open
INV-CO-B2B-004-2024-01,CO-B2B-004,Colombia,2024-01-05,2024-02-04,1263221.78,2024-02-12,paid
INV-CO-B2B-004-2024-02,CO-B2B-004,Colombia,2024-02-05,2024-03-06,1268152.82,2024-03-15,paid
INV-CO-B2B-004-2024-03,CO-B2B-004,Colombia,2024-03-05,2024-04-04,1208890.04,2024-04-08,paid
INV-CO-B2B-004-2024-04,CO-B2B-004,Colombia,2024-04-05,2024-05-05,1210162.15,2024-05-11,paid
INV-CO-B2B-004-2024-05,CO-B2B-004,Colombia,2024-05-05,2024-06-04,1267140.49,2024-06-15,paid
INV-CO-B2B-004-2024-06,CO-B2B-004,Colombia,2024-06-05,2024-07-05,1300963.32,2024-07-12,paid
INV-CO-B2B-004-2024-07,CO-B2B-004,Colombia,2024-07-05,2024-08-04,1260920.46,2024-08-12,paid
INV-CO-B2B-004-2024-08,CO-B2B-004,Colombia,2024-08-05,2024-09-04,1263376.28,2024-09-10,paid
INV-CO-B2B-004-2024-09,CO-B2B-004,Colombia,2024-09-05,2024-10-05,1305473.34,2024-10-08,paid
INV-CO-B2B-004-2024-10,CO-B2B-004,Colombia,2024-10-05,2024-11-04,1304022.1,2024-11-13,paid
INV-CO-B2B-004-2024-11,CO-B2B-004,Colombia,2024-11-05,2024-12-05,1262054.42,2024-12-16,paid
INV-CO-B2B-004-2024-12,CO-B2B-004,Colombia,2024-12-05,2025-01-04,1307745.85,2025-01-11,paid
INV-CO-B2B-004-2025-01,CO-B2B-004,Colombia,2025-01-05,2025-02-04,1273264.42,2025-02-06,paid
INV-CO-B2B-004-2025-02,CO-B2B-004,Colombia,2025-02-05,2025-03-07,1282195.84,2025-03-16,paid
INV-CO-B2B-004-2025-03,CO-B2B-004,Colombia,2025-03-05,2025-04-04,1274701.12,2025-04-12,paid
INV-CO-B2B-004-2025-04,CO-B2B-004,Colombia,2025-04-05,2025-05-05,1270595.91,2025-05-10,paid
INV-CO-B2B-004-2025-05,CO-B2B-004,Colombia,2025-05-05,2025-06-04,1308669.48,2025-06-22,paid
INV-CO-B2B-004-2025-06,CO-B2B-004,Colombia,2025-06-05,2025-07-05,1273499.43,2025-07-18,paid
INV-CO-B2B-004-2025-07,CO-B2B-004,Colombia,2025-07-05,2025-08-04,1316278.73,2025-08-12,paid
INV-CO-B2B-004-2025-08,CO-B2B-004,Colombia,2025-08-05,2025-09-04,1318738.5,2025-09-12,paid
INV-CO-B2B-004-2025-09,CO-B2B-004,Colombia,2025-09-05,2025-10-05,1314862.14,2025-10-18,paid
INV-CO-B2B-004-2025-10,CO-B2B-004,Colombia,2025-10-05,2025-11-04,1310191.07,2025-11-16,paid
INV-CO-B2B-004-2025-11,CO-B2B-004,Colombia,2025-11-05,2025-12-05,1308539.91,2025-12-11,paid
INV-CO-B2B-004-2025-12,CO-B2B-004,Colombia,2025-12-05,2026-01-04,1300640.6,2026-01-12,paid
INV-CO-B2B-004-2026-01,CO-B2B-004,Colombia,2026-01-05,2026-02-04,1371212.74,2026-02-10,paid
INV-CO-B2B-004-2026-02,CO-B2B-004,Colombia,2026-02-05,2026-03-07,1330230.47,2026-03-07,paid
INV-CO-B2B-004-2026-03,CO-B2B-004,Colombia,2026-03-05,2026-04-04,1332691.99,2026-04-04,paid
INV-CO-B2B-004-2026-04,CO-B2B-004,Colombia,2026-04-05,2026-05-05,1317882.29,2026-05-12,paid
INV-CO-B2B-004-2026-05,CO-B2B-004,Colombia,2026-05-05,2026-06-04,1381487.52,2026-06-24,paid
INV-CO-B2B-004-2026-06,CO-B2B-004,Colombia,2026-06-05,2026-07-05,1333151.57,2026-07-18,open
INV-CO-B2B-005-2024-01,CO-B2B-005,Colombia,2024-01-05,2024-02-19,1056227.61,2024-02-24,paid
INV-CO-B2B-005-2024-02,CO-B2B-005,Colombia,2024-02-05,2024-03-21,1062874.92,2024-03-27,paid
INV-CO-B2B-005-2024-03,CO-B2B-005,Colombia,2024-03-05,2024-04-19,1058687.92,2024-04-23,paid
INV-CO-B2B-005-2024-04,CO-B2B-005,Colombia,2024-04-05,2024-05-20,1029792.27,2024-05-20,paid
INV-CO-B2B-005-2024-05,CO-B2B-005,Colombia,2024-05-05,2024-06-19,1075602.61,2024-06-24,paid
INV-CO-B2B-005-2024-06,CO-B2B-005,Colombia,2024-06-05,2024-07-20,1051682.51,2024-07-26,paid
INV-CO-B2B-005-2024-07,CO-B2B-005,Colombia,2024-07-05,2024-08-19,1084054.93,2024-08-26,paid
INV-CO-B2B-005-2024-08,CO-B2B-005,Colombia,2024-08-05,2024-09-19,1055680.64,2024-10-01,paid
INV-CO-B2B-005-2024-09,CO-B2B-005,Colombia,2024-09-05,2024-10-20,1106705.3,2024-10-28,paid
INV-CO-B2B-005-2024-10,CO-B2B-005,Colombia,2024-10-05,2024-11-19,1096116.9,2024-12-01,paid
INV-CO-B2B-005-2024-11,CO-B2B-005,Colombia,2024-11-05,2024-12-20,1102300.59,2024-12-29,paid
INV-CO-B2B-005-2024-12,CO-B2B-005,Colombia,2024-12-05,2025-01-19,1093366.29,2025-01-28,paid
INV-CO-B2B-005-2025-01,CO-B2B-005,Colombia,2025-01-05,2025-02-19,1059550.18,2025-03-01,paid
INV-CO-B2B-005-2025-02,CO-B2B-005,Colombia,2025-02-05,2025-03-22,1056722.16,2025-03-24,paid
INV-CO-B2B-005-2025-03,CO-B2B-005,Colombia,2025-03-05,2025-04-19,1117234.32,2025-04-29,paid
INV-CO-B2B-005-2025-04,CO-B2B-005,Colombia,2025-04-05,2025-05-20,1124152.95,2025-05-25,paid
INV-CO-B2B-005-2025-05,CO-B2B-005,Colombia,2025-05-05,2025-06-19,1069010.83,2025-06-24,paid
INV-CO-B2B-005-2025-06,CO-B2B-005,Colombia,2025-06-05,2025-07-20,1098907.21,2025-07-26,paid
INV-CO-B2B-005-2025-07,CO-B2B-005,Colombia,2025-07-05,2025-08-19,1124621.02,2025-08-23,paid
INV-CO-B2B-005-2025-08,CO-B2B-005,Colombia,2025-08-05,2025-09-19,1109944.56,2025-09-20,paid
INV-CO-B2B-005-2025-09,CO-B2B-005,Colombia,2025-09-05,2025-10-20,1114908.79,2025-10-26,paid
INV-CO-B2B-005-2025-10,CO-B2B-005,Colombia,2025-10-05,2025-11-19,1091187.85,2025-11-24,paid
INV-CO-B2B-005-2025-11,CO-B2B-005,Colombia,2025-11-05,2025-12-20,1106361.28,2025-12-25,paid
INV-CO-B2B-005-2025-12,CO-B2B-005,Colombia,2025-12-05,2026-01-19,1153364.96,2026-01-25,paid
INV-CO-B2B-005-2026-01,CO-B2B-005,Colombia,2026-01-05,2026-02-19,1110572.73,2026-02-19,paid
INV-CO-B2B-005-2026-02,CO-B2B-005,Colombia,2026-02-05,2026-03-22,1098962.45,2026-03-27,paid
INV-CO-B2B-005-2026-03,CO-B2B-005,Colombia,2026-03-05,2026-04-19,1106310.37,2026-05-02,paid
INV-CO-B2B-005-2026-04,CO-B2B-005,Colombia,2026-04-05,2026-05-20,1120691.23,2026-06-01,paid
INV-CO-B2B-005-2026-05,CO-B2B-005,Colombia,2026-05-05,2026-06-19,1128597.14,2026-06-25,paid
INV-CO-B2B-005-2026-06,CO-B2B-005,Colombia,2026-06-05,2026-07-20,1128018.16,2026-07-26,open
INV-CO-B2B-006-2024-01,CO-B2B-006,Colombia,2024-01-05,2024-03-05,938316.29,2024-03-05,paid
INV-CO-B2B-006-2024-02,CO-B2B-006,Colombia,2024-02-05,2024-04-05,873210.94,2024-04-08,paid
INV-CO-B2B-006-2024-03,CO-B2B-006,Colombia,2024-03-05,2024-05-04,911412.42,2024-05-13,paid
INV-CO-B2B-006-2024-04,CO-B2B-006,Colombia,2024-04-05,2024-06-04,922109.12,2024-06-08,paid
INV-CO-B2B-006-2024-05,CO-B2B-006,Colombia,2024-05-05,2024-07-04,934563.51,2024-07-15,paid
INV-CO-B2B-006-2024-06,CO-B2B-006,Colombia,2024-06-05,2024-08-04,921383.87,2024-08-15,paid
INV-CO-B2B-006-2024-07,CO-B2B-006,Colombia,2024-07-05,2024-09-03,925325.32,2024-09-06,paid
INV-CO-B2B-006-2024-08,CO-B2B-006,Colombia,2024-08-05,2024-10-04,935560.38,2024-10-11,paid
INV-CO-B2B-006-2024-09,CO-B2B-006,Colombia,2024-09-05,2024-11-04,924925.35,2024-11-17,paid
INV-CO-B2B-006-2024-10,CO-B2B-006,Colombia,2024-10-05,2024-12-04,882859.14,2024-12-04,paid
INV-CO-B2B-006-2024-11,CO-B2B-006,Colombia,2024-11-05,2025-01-04,907722.38,2025-01-08,paid
INV-CO-B2B-006-2024-12,CO-B2B-006,Colombia,2024-12-05,2025-02-03,927121.58,2025-02-03,paid
INV-CO-B2B-006-2025-01,CO-B2B-006,Colombia,2025-01-05,2025-03-06,915958.07,2025-03-08,paid
INV-CO-B2B-006-2025-02,CO-B2B-006,Colombia,2025-02-05,2025-04-06,983698.17,2025-04-21,paid
INV-CO-B2B-006-2025-03,CO-B2B-006,Colombia,2025-03-05,2025-05-04,931161.31,2025-05-08,paid
INV-CO-B2B-006-2025-04,CO-B2B-006,Colombia,2025-04-05,2025-06-04,919822.13,2025-06-04,paid
INV-CO-B2B-006-2025-05,CO-B2B-006,Colombia,2025-05-05,2025-07-04,941358.15,2025-07-05,paid
INV-CO-B2B-006-2025-06,CO-B2B-006,Colombia,2025-06-05,2025-08-04,944316.27,2025-08-04,paid
INV-CO-B2B-006-2025-07,CO-B2B-006,Colombia,2025-07-05,2025-09-03,933943.13,2025-09-10,paid
INV-CO-B2B-006-2025-08,CO-B2B-006,Colombia,2025-08-05,2025-10-04,957644.0,2025-10-12,paid
INV-CO-B2B-006-2025-09,CO-B2B-006,Colombia,2025-09-05,2025-11-04,928192.38,2025-11-14,paid
INV-CO-B2B-006-2025-10,CO-B2B-006,Colombia,2025-10-05,2025-12-04,940245.9,2025-12-13,paid
INV-CO-B2B-006-2025-11,CO-B2B-006,Colombia,2025-11-05,2026-01-04,957599.64,2026-01-04,paid
INV-CO-B2B-006-2025-12,CO-B2B-006,Colombia,2025-12-05,2026-02-03,954144.84,2026-02-11,paid
INV-CO-B2B-006-2026-01,CO-B2B-006,Colombia,2026-01-05,2026-03-06,974471.84,2026-03-11,paid
INV-CO-B2B-006-2026-02,CO-B2B-006,Colombia,2026-02-05,2026-04-06,995025.9,2026-04-17,paid
INV-CO-B2B-006-2026-03,CO-B2B-006,Colombia,2026-03-05,2026-05-04,962464.32,2026-05-14,paid
INV-CO-B2B-006-2026-04,CO-B2B-006,Colombia,2026-04-05,2026-06-04,1008080.01,2026-06-20,paid
INV-CO-B2B-006-2026-05,CO-B2B-006,Colombia,2026-05-05,2026-07-04,948672.69,2026-07-05,open
INV-CO-B2B-006-2026-06,CO-B2B-006,Colombia,2026-06-05,2026-08-04,1004072.08,2026-08-05,open
INV-CO-B2B-007-2024-01,CO-B2B-007,Colombia,2024-01-05,2024-02-04,777660.17,2024-02-08,paid
INV-CO-B2B-007-2024-02,CO-B2B-007,Colombia,2024-02-05,2024-03-06,807256.83,2024-03-11,paid
INV-CO-B2B-007-2024-03,CO-B2B-007,Colombia,2024-03-05,2024-04-04,792127.96,2024-04-07,paid
INV-CO-B2B-007-2024-04,CO-B2B-007,Colombia,2024-04-05,2024-05-05,793127.79,2024-05-07,paid
INV-CO-B2B-007-2024-05,CO-B2B-007,Colombia,2024-05-05,2024-06-04,844175.69,2024-06-11,paid
INV-CO-B2B-007-2024-06,CO-B2B-007,Colombia,2024-06-05,2024-07-05,823003.16,2024-07-09,paid
INV-CO-B2B-007-2024-07,CO-B2B-007,Colombia,2024-07-05,2024-08-04,807548.08,2024-08-06,paid
INV-CO-B2B-007-2024-08,CO-B2B-007,Colombia,2024-08-05,2024-09-04,770611.57,2024-09-04,paid
INV-CO-B2B-007-2024-09,CO-B2B-007,Colombia,2024-09-05,2024-10-05,785643.5,2024-10-05,paid
INV-CO-B2B-007-2024-10,CO-B2B-007,Colombia,2024-10-05,2024-11-04,797359.14,2024-11-17,paid
INV-CO-B2B-007-2024-11,CO-B2B-007,Colombia,2024-11-05,2024-12-05,817965.8,2024-12-17,paid
INV-CO-B2B-007-2024-12,CO-B2B-007,Colombia,2024-12-05,2025-01-04,827513.8,2025-01-14,paid
INV-CO-B2B-007-2025-01,CO-B2B-007,Colombia,2025-01-05,2025-02-04,808099.4,2025-02-13,paid
INV-CO-B2B-007-2025-02,CO-B2B-007,Colombia,2025-02-05,2025-03-07,836958.24,2025-03-10,paid
INV-CO-B2B-007-2025-03,CO-B2B-007,Colombia,2025-03-05,2025-04-04,836216.53,2025-04-13,paid
INV-CO-B2B-007-2025-04,CO-B2B-007,Colombia,2025-04-05,2025-05-05,819916.58,2025-05-05,paid
INV-CO-B2B-007-2025-05,CO-B2B-007,Colombia,2025-05-05,2025-06-04,811600.29,2025-06-10,paid
INV-CO-B2B-007-2025-06,CO-B2B-007,Colombia,2025-06-05,2025-07-05,838594.78,2025-07-07,paid
INV-CO-B2B-007-2025-07,CO-B2B-007,Colombia,2025-07-05,2025-08-04,835655.13,2025-08-13,paid
INV-CO-B2B-007-2025-08,CO-B2B-007,Colombia,2025-08-05,2025-09-04,847715.42,2025-09-18,paid
INV-CO-B2B-007-2025-09,CO-B2B-007,Colombia,2025-09-05,2025-10-05,861106.06,2025-10-06,paid
INV-CO-B2B-007-2025-10,CO-B2B-007,Colombia,2025-10-05,2025-11-04,870307.56,2025-11-07,paid
INV-CO-B2B-007-2025-11,CO-B2B-007,Colombia,2025-11-05,2025-12-05,861408.87,2025-12-11,paid
INV-CO-B2B-007-2025-12,CO-B2B-007,Colombia,2025-12-05,2026-01-04,838760.92,2026-01-04,paid
INV-CO-B2B-007-2026-01,CO-B2B-007,Colombia,2026-01-05,2026-02-04,844913.53,2026-02-04,paid
INV-CO-B2B-007-2026-02,CO-B2B-007,Colombia,2026-02-05,2026-03-07,866540.15,2026-03-21,paid
INV-CO-B2B-007-2026-03,CO-B2B-007,Colombia,2026-03-05,2026-04-04,838589.34,2026-04-12,paid
INV-CO-B2B-007-2026-04,CO-B2B-007,Colombia,2026-04-05,2026-05-05,841889.18,2026-05-08,paid
INV-CO-B2B-007-2026-05,CO-B2B-007,Colombia,2026-05-05,2026-06-04,869695.36,2026-06-10,paid
INV-CO-B2B-007-2026-06,CO-B2B-007,Colombia,2026-06-05,2026-07-05,888862.84,2026-07-09,open
INV-CO-B2B-008-2024-01,CO-B2B-008,Colombia,2024-01-05,2024-02-19,728854.86,2024-02-25,paid
INV-CO-B2B-008-2024-02,CO-B2B-008,Colombia,2024-02-05,2024-03-21,727708.34,2024-03-25,paid
INV-CO-B2B-008-2024-03,CO-B2B-008,Colombia,2024-03-05,2024-04-19,717297.35,2024-04-24,paid
INV-CO-B2B-008-2024-04,CO-B2B-008,Colombia,2024-04-05,2024-05-20,707867.83,2024-05-29,paid
INV-CO-B2B-008-2024-05,CO-B2B-008,Colombia,2024-05-05,2024-06-19,731048.93,2024-06-28,paid
INV-CO-B2B-008-2024-06,CO-B2B-008,Colombia,2024-06-05,2024-07-20,745989.56,2024-08-02,paid
INV-CO-B2B-008-2024-07,CO-B2B-008,Colombia,2024-07-05,2024-08-19,719797.76,2024-08-27,paid
INV-CO-B2B-008-2024-08,CO-B2B-008,Colombia,2024-08-05,2024-09-19,718017.57,2024-09-25,paid
INV-CO-B2B-008-2024-09,CO-B2B-008,Colombia,2024-09-05,2024-10-20,720156.06,2024-11-03,paid
INV-CO-B2B-008-2024-10,CO-B2B-008,Colombia,2024-10-05,2024-11-19,736002.69,2024-11-24,paid
INV-CO-B2B-008-2024-11,CO-B2B-008,Colombia,2024-11-05,2024-12-20,750191.92,2024-12-20,paid
INV-CO-B2B-008-2024-12,CO-B2B-008,Colombia,2024-12-05,2025-01-19,705334.05,2025-01-29,paid
INV-CO-B2B-008-2025-01,CO-B2B-008,Colombia,2025-01-05,2025-02-19,737053.01,2025-02-26,paid
INV-CO-B2B-008-2025-02,CO-B2B-008,Colombia,2025-02-05,2025-03-22,718682.31,2025-03-28,paid
INV-CO-B2B-008-2025-03,CO-B2B-008,Colombia,2025-03-05,2025-04-19,770095.4,2025-04-29,paid
INV-CO-B2B-008-2025-04,CO-B2B-008,Colombia,2025-04-05,2025-05-20,744218.91,2025-05-24,paid
INV-CO-B2B-008-2025-05,CO-B2B-008,Colombia,2025-05-05,2025-06-19,737706.85,2025-06-19,paid
INV-CO-B2B-008-2025-06,CO-B2B-008,Colombia,2025-06-05,2025-07-20,749261.21,2025-07-30,paid
INV-CO-B2B-008-2025-07,CO-B2B-008,Colombia,2025-07-05,2025-08-19,724092.65,2025-08-22,paid
INV-CO-B2B-008-2025-08,CO-B2B-008,Colombia,2025-08-05,2025-09-19,731999.13,2025-09-20,paid
INV-CO-B2B-008-2025-09,CO-B2B-008,Colombia,2025-09-05,2025-10-20,751818.64,2025-10-20,paid
INV-CO-B2B-008-2025-10,CO-B2B-008,Colombia,2025-10-05,2025-11-19,762199.08,2025-11-29,paid
INV-CO-B2B-008-2025-11,CO-B2B-008,Colombia,2025-11-05,2025-12-20,750993.66,2025-12-20,paid
INV-CO-B2B-008-2025-12,CO-B2B-008,Colombia,2025-12-05,2026-01-19,741731.83,2026-01-31,paid
INV-CO-B2B-008-2026-01,CO-B2B-008,Colombia,2026-01-05,2026-02-19,717557.53,2026-02-23,paid
INV-CO-B2B-008-2026-02,CO-B2B-008,Colombia,2026-02-05,2026-03-22,742713.14,2026-04-01,paid
INV-CO-B2B-008-2026-03,CO-B2B-008,Colombia,2026-03-05,2026-04-19,752126.48,2026-04-27,paid
INV-CO-B2B-008-2026-04,CO-B2B-008,Colombia,2026-04-05,2026-05-20,772948.84,2026-06-04,paid
INV-CO-B2B-008-2026-05,CO-B2B-008,Colombia,2026-05-05,2026-06-19,763063.84,2026-06-27,paid
INV-CO-B2B-008-2026-06,CO-B2B-008,Colombia,2026-06-05,2026-07-20,745605.25,2026-08-01,open
INV-CO-B2B-009-2024-01,CO-B2B-009,Colombia,2024-01-05,2024-03-05,637323.2,2024-03-08,paid
INV-CO-B2B-009-2024-02,CO-B2B-009,Colombia,2024-02-05,2024-04-05,648420.25,2024-04-05,paid
INV-CO-B2B-009-2024-03,CO-B2B-009,Colombia,2024-03-05,2024-05-04,653312.94,2024-05-15,paid
INV-CO-B2B-009-2024-04,CO-B2B-009,Colombia,2024-04-05,2024-06-04,655787.24,2024-06-04,paid
INV-CO-B2B-009-2024-05,CO-B2B-009,Colombia,2024-05-05,2024-07-04,651969.92,2024-07-14,paid
INV-CO-B2B-009-2024-06,CO-B2B-009,Colombia,2024-06-05,2024-08-04,631066.8,2024-08-05,paid
INV-CO-B2B-009-2024-07,CO-B2B-009,Colombia,2024-07-05,2024-09-03,668475.16,2024-09-10,paid
INV-CO-B2B-009-2024-08,CO-B2B-009,Colombia,2024-08-05,2024-10-04,663948.56,2024-10-19,paid
INV-CO-B2B-009-2024-09,CO-B2B-009,Colombia,2024-09-05,2024-11-04,666362.08,2024-11-13,paid
INV-CO-B2B-009-2024-10,CO-B2B-009,Colombia,2024-10-05,2024-12-04,698666.78,2024-12-09,paid
INV-CO-B2B-009-2024-11,CO-B2B-009,Colombia,2024-11-05,2025-01-04,652948.48,2025-01-12,paid
INV-CO-B2B-009-2024-12,CO-B2B-009,Colombia,2024-12-05,2025-02-03,670975.48,2025-02-06,paid
INV-CO-B2B-009-2025-01,CO-B2B-009,Colombia,2025-01-05,2025-03-06,653146.67,2025-03-24,paid
INV-CO-B2B-009-2025-02,CO-B2B-009,Colombia,2025-02-05,2025-04-06,672823.74,2025-04-08,paid
INV-CO-B2B-009-2025-03,CO-B2B-009,Colombia,2025-03-05,2025-05-04,682499.65,2025-05-09,paid
INV-CO-B2B-009-2025-04,CO-B2B-009,Colombia,2025-04-05,2025-06-04,668397.24,2025-06-13,paid
INV-CO-B2B-009-2025-05,CO-B2B-009,Colombia,2025-05-05,2025-07-04,656287.87,2025-07-12,paid
INV-CO-B2B-009-2025-06,CO-B2B-009,Colombia,2025-06-05,2025-08-04,701480.53,2025-08-12,paid
INV-CO-B2B-009-2025-07,CO-B2B-009,Colombia,2025-07-05,2025-09-03,671763.73,2025-09-06,paid
INV-CO-B2B-009-2025-08,CO-B2B-009,Colombia,2025-08-05,2025-10-04,672983.63,2025-10-09,paid
INV-CO-B2B-009-2025-09,CO-B2B-009,Colombia,2025-09-05,2025-11-04,675105.22,2025-11-15,paid
INV-CO-B2B-009-2025-10,CO-B2B-009,Colombia,2025-10-05,2025-12-04,658692.88,2025-12-14,paid
INV-CO-B2B-009-2025-11,CO-B2B-009,Colombia,2025-11-05,2026-01-04,678459.46,2026-01-12,paid
INV-CO-B2B-009-2025-12,CO-B2B-009,Colombia,2025-12-05,2026-02-03,670065.57,2026-02-16,paid
INV-CO-B2B-009-2026-01,CO-B2B-009,Colombia,2026-01-05,2026-03-06,704384.88,2026-03-17,paid
INV-CO-B2B-009-2026-02,CO-B2B-009,Colombia,2026-02-05,2026-04-06,668217.69,2026-04-16,paid
INV-CO-B2B-009-2026-03,CO-B2B-009,Colombia,2026-03-05,2026-05-04,696106.78,2026-05-04,paid
INV-CO-B2B-009-2026-04,CO-B2B-009,Colombia,2026-04-05,2026-06-04,691883.03,2026-06-12,paid
INV-CO-B2B-009-2026-05,CO-B2B-009,Colombia,2026-05-05,2026-07-04,701710.72,2026-07-11,open
INV-CO-B2B-009-2026-06,CO-B2B-009,Colombia,2026-06-05,2026-08-04,699748.68,2026-08-17,open
INV-CO-B2B-010-2024-01,CO-B2B-010,Colombia,2024-01-05,2024-02-04,606573.53,2024-02-04,paid
INV-CO-B2B-010-2024-02,CO-B2B-010,Colombia,2024-02-05,2024-03-06,589605.33,2024-03-11,paid
INV-CO-B2B-010-2024-03,CO-B2B-010,Colombia,2024-03-05,2024-04-04,574360.4,2024-04-10,paid
INV-CO-B2B-010-2024-04,CO-B2B-010,Colombia,2024-04-05,2024-05-05,611412.02,2024-05-06,paid
INV-CO-B2B-010-2024-05,CO-B2B-010,Colombia,2024-05-05,2024-06-04,601857.57,2024-06-05,paid
INV-CO-B2B-010-2024-06,CO-B2B-010,Colombia,2024-06-05,2024-07-05,591316.52,2024-07-18,paid
INV-CO-B2B-010-2024-07,CO-B2B-010,Colombia,2024-07-05,2024-08-04,594330.41,2024-08-12,paid
INV-CO-B2B-010-2024-08,CO-B2B-010,Colombia,2024-08-05,2024-09-04,580192.0,2024-09-19,paid
INV-CO-B2B-010-2024-09,CO-B2B-010,Colombia,2024-09-05,2024-10-05,611144.46,2024-10-10,paid
INV-CO-B2B-010-2024-10,CO-B2B-010,Colombia,2024-10-05,2024-11-04,612340.27,2024-11-04,paid
INV-CO-B2B-010-2024-11,CO-B2B-010,Colombia,2024-11-05,2024-12-05,621368.74,2024-12-09,paid
INV-CO-B2B-010-2024-12,CO-B2B-010,Colombia,2024-12-05,2025-01-04,605884.62,2025-01-08,paid
INV-CO-B2B-010-2025-01,CO-B2B-010,Colombia,2025-01-05,2025-02-04,602841.8,2025-02-13,paid
INV-CO-B2B-010-2025-02,CO-B2B-010,Colombia,2025-02-05,2025-03-07,614545.43,2025-03-16,paid
INV-CO-B2B-010-2025-03,CO-B2B-010,Colombia,2025-03-05,2025-04-04,612828.86,2025-04-13,paid
INV-CO-B2B-010-2025-04,CO-B2B-010,Colombia,2025-04-05,2025-05-05,609343.11,2025-05-22,paid
INV-CO-B2B-010-2025-05,CO-B2B-010,Colombia,2025-05-05,2025-06-04,596987.85,2025-06-16,paid
INV-CO-B2B-010-2025-06,CO-B2B-010,Colombia,2025-06-05,2025-07-05,634673.31,2025-07-07,paid
INV-CO-B2B-010-2025-07,CO-B2B-010,Colombia,2025-07-05,2025-08-04,647316.01,2025-08-15,paid
INV-CO-B2B-010-2025-08,CO-B2B-010,Colombia,2025-08-05,2025-09-04,632809.09,2025-09-10,paid
INV-CO-B2B-010-2025-09,CO-B2B-010,Colombia,2025-09-05,2025-10-05,619491.12,2025-10-10,paid
INV-CO-B2B-010-2025-10,CO-B2B-010,Colombia,2025-10-05,2025-11-04,628634.73,2025-11-17,paid
INV-CO-B2B-010-2025-11,CO-B2B-010,Colombia,2025-11-05,2025-12-05,627574.84,2025-12-06,paid
INV-CO-B2B-010-2025-12,CO-B2B-010,Colombia,2025-12-05,2026-01-04,637288.25,2026-01-15,paid
INV-CO-B2B-010-2026-01,CO-B2B-010,Colombia,2026-01-05,2026-02-04,636715.92,2026-02-14,paid
INV-CO-B2B-010-2026-02,CO-B2B-010,Colombia,2026-02-05,2026-03-07,626600.22,2026-03-08,paid
INV-CO-B2B-010-2026-03,CO-B2B-010,Colombia,2026-03-05,2026-04-04,620707.71,2026-04-04,paid
INV-CO-B2B-010-2026-04,CO-B2B-010,Colombia,2026-04-05,2026-05-05,636166.31,2026-05-11,paid
INV-CO-B2B-010-2026-05,CO-B2B-010,Colombia,2026-05-05,2026-06-04,629180.5,2026-06-04,paid
INV-CO-B2B-010-2026-06,CO-B2B-010,Colombia,2026-06-05,2026-07-05,620650.71,2026-07-17,open
INV-CO-B2B-011-2024-01,CO-B2B-011,Colombia,2024-01-05,2024-02-19,538548.07,2024-02-27,paid
INV-CO-B2B-011-2024-02,CO-B2B-011,Colombia,2024-02-05,2024-03-21,532111.18,2024-04-03,paid
INV-CO-B2B-011-2024-03,CO-B2B-011,Colombia,2024-03-05,2024-04-19,546909.03,2024-04-26,paid
INV-CO-B2B-011-2024-04,CO-B2B-011,Colombia,2024-04-05,2024-05-20,576039.08,2024-06-03,paid
INV-CO-B2B-011-2024-05,CO-B2B-011,Colombia,2024-05-05,2024-06-19,547863.13,2024-06-22,paid
INV-CO-B2B-011-2024-06,CO-B2B-011,Colombia,2024-06-05,2024-07-20,549024.34,2024-07-29,paid
INV-CO-B2B-011-2024-07,CO-B2B-011,Colombia,2024-07-05,2024-08-19,552827.53,2024-08-23,paid
INV-CO-B2B-011-2024-08,CO-B2B-011,Colombia,2024-08-05,2024-09-19,571915.39,2024-09-24,paid
INV-CO-B2B-011-2024-09,CO-B2B-011,Colombia,2024-09-05,2024-10-20,582970.22,2024-10-26,paid
INV-CO-B2B-011-2024-10,CO-B2B-011,Colombia,2024-10-05,2024-11-19,578447.37,2024-11-27,paid
INV-CO-B2B-011-2024-11,CO-B2B-011,Colombia,2024-11-05,2024-12-20,570433.9,2024-12-22,paid
INV-CO-B2B-011-2024-12,CO-B2B-011,Colombia,2024-12-05,2025-01-19,551454.74,2025-01-27,paid
INV-CO-B2B-011-2025-01,CO-B2B-011,Colombia,2025-01-05,2025-02-19,573583.15,2025-02-25,paid
INV-CO-B2B-011-2025-02,CO-B2B-011,Colombia,2025-02-05,2025-03-22,549440.7,2025-03-22,paid
INV-CO-B2B-011-2025-03,CO-B2B-011,Colombia,2025-03-05,2025-04-19,549266.02,2025-04-19,paid
INV-CO-B2B-011-2025-04,CO-B2B-011,Colombia,2025-04-05,2025-05-20,567824.38,2025-06-01,paid
INV-CO-B2B-011-2025-05,CO-B2B-011,Colombia,2025-05-05,2025-06-19,567846.45,2025-06-19,paid
INV-CO-B2B-011-2025-06,CO-B2B-011,Colombia,2025-06-05,2025-07-20,567250.52,2025-07-25,paid
INV-CO-B2B-011-2025-07,CO-B2B-011,Colombia,2025-07-05,2025-08-19,595280.72,2025-08-19,paid
INV-CO-B2B-011-2025-08,CO-B2B-011,Colombia,2025-08-05,2025-09-19,567815.45,2025-10-04,paid
INV-CO-B2B-011-2025-09,CO-B2B-011,Colombia,2025-09-05,2025-10-20,578886.51,2025-10-29,paid
INV-CO-B2B-011-2025-10,CO-B2B-011,Colombia,2025-10-05,2025-11-19,576453.95,2025-11-27,paid
INV-CO-B2B-011-2025-11,CO-B2B-011,Colombia,2025-11-05,2025-12-20,585609.29,2025-12-22,paid
INV-CO-B2B-011-2025-12,CO-B2B-011,Colombia,2025-12-05,2026-01-19,588253.92,2026-01-19,paid
INV-CO-B2B-011-2026-01,CO-B2B-011,Colombia,2026-01-05,2026-02-19,583276.74,2026-02-26,paid
INV-CO-B2B-011-2026-02,CO-B2B-011,Colombia,2026-02-05,2026-03-22,573791.12,2026-03-28,paid
INV-CO-B2B-011-2026-03,CO-B2B-011,Colombia,2026-03-05,2026-04-19,575153.73,2026-04-20,paid
INV-CO-B2B-011-2026-04,CO-B2B-011,Colombia,2026-04-05,2026-05-20,579701.17,2026-05-20,paid
INV-CO-B2B-011-2026-05,CO-B2B-011,Colombia,2026-05-05,2026-06-19,589065.79,2026-06-19,paid
INV-CO-B2B-011-2026-06,CO-B2B-011,Colombia,2026-06-05,2026-07-20,595152.9,2026-07-20,open
INV-CO-B2B-012-2024-01,CO-B2B-012,Colombia,2024-01-05,2024-03-05,500907.2,2024-03-08,paid
INV-CO-B2B-012-2024-02,CO-B2B-012,Colombia,2024-02-05,2024-04-05,521519.45,2024-04-13,paid
INV-CO-B2B-012-2024-03,CO-B2B-012,Colombia,2024-03-05,2024-05-04,506997.38,2024-05-12,paid
INV-CO-B2B-012-2024-04,CO-B2B-012,Colombia,2024-04-05,2024-06-04,489357.61,2024-06-10,paid
INV-CO-B2B-012-2024-05,CO-B2B-012,Colombia,2024-05-05,2024-07-04,532554.13,2024-07-11,paid
INV-CO-B2B-012-2024-06,CO-B2B-012,Colombia,2024-06-05,2024-08-04,513674.3,2024-08-13,paid
INV-CO-B2B-012-2024-07,CO-B2B-012,Colombia,2024-07-05,2024-09-03,523553.98,2024-09-03,paid
INV-CO-B2B-012-2024-08,CO-B2B-012,Colombia,2024-08-05,2024-10-04,498487.43,2024-10-11,paid
INV-CO-B2B-012-2024-09,CO-B2B-012,Colombia,2024-09-05,2024-11-04,509497.15,2024-11-17,paid
INV-CO-B2B-012-2024-10,CO-B2B-012,Colombia,2024-10-05,2024-12-04,514870.38,2024-12-04,paid
INV-CO-B2B-012-2024-11,CO-B2B-012,Colombia,2024-11-05,2025-01-04,506414.38,2025-01-04,paid
INV-CO-B2B-012-2024-12,CO-B2B-012,Colombia,2024-12-05,2025-02-03,518287.4,2025-02-08,paid
INV-CO-B2B-012-2025-01,CO-B2B-012,Colombia,2025-01-05,2025-03-06,517608.96,2025-03-17,paid
INV-CO-B2B-012-2025-02,CO-B2B-012,Colombia,2025-02-05,2025-04-06,536022.74,2025-04-11,paid
INV-CO-B2B-012-2025-03,CO-B2B-012,Colombia,2025-03-05,2025-05-04,502707.86,2025-05-13,paid
INV-CO-B2B-012-2025-04,CO-B2B-012,Colombia,2025-04-05,2025-06-04,531821.1,2025-06-12,paid
INV-CO-B2B-012-2025-05,CO-B2B-012,Colombia,2025-05-05,2025-07-04,537713.79,2025-07-04,paid
INV-CO-B2B-012-2025-06,CO-B2B-012,Colombia,2025-06-05,2025-08-04,550247.85,2025-08-05,paid
INV-CO-B2B-012-2025-07,CO-B2B-012,Colombia,2025-07-05,2025-09-03,537901.28,2025-09-03,paid
INV-CO-B2B-012-2025-08,CO-B2B-012,Colombia,2025-08-05,2025-10-04,521433.72,2025-10-18,paid
INV-CO-B2B-012-2025-09,CO-B2B-012,Colombia,2025-09-05,2025-11-04,529782.4,2025-11-14,paid
INV-CO-B2B-012-2025-10,CO-B2B-012,Colombia,2025-10-05,2025-12-04,536421.56,2025-12-09,paid
INV-CO-B2B-012-2025-11,CO-B2B-012,Colombia,2025-11-05,2026-01-04,550020.26,2026-01-09,paid
INV-CO-B2B-012-2025-12,CO-B2B-012,Colombia,2025-12-05,2026-02-03,517785.07,2026-02-05,paid
INV-CO-B2B-012-2026-01,CO-B2B-012,Colombia,2026-01-05,2026-03-06,543862.09,2026-03-14,paid
INV-CO-B2B-012-2026-02,CO-B2B-012,Colombia,2026-02-05,2026-04-06,522605.87,2026-04-08,paid
INV-CO-B2B-012-2026-03,CO-B2B-012,Colombia,2026-03-05,2026-05-04,534339.39,2026-05-08,paid
INV-CO-B2B-012-2026-04,CO-B2B-012,Colombia,2026-04-05,2026-06-04,527233.88,2026-06-07,paid
INV-CO-B2B-012-2026-05,CO-B2B-012,Colombia,2026-05-05,2026-07-04,535439.11,2026-07-14,open
INV-CO-B2B-012-2026-06,CO-B2B-012,Colombia,2026-06-05,2026-08-04,553542.59,2026-08-09,open
INV-CO-B2B-013-2024-01,CO-B2B-013,Colombia,2024-01-05,2024-02-04,469266.23,2024-02-11,paid
INV-CO-B2B-013-2024-02,CO-B2B-013,Colombia,2024-02-05,2024-03-06,466461.94,2024-03-06,paid
INV-CO-B2B-013-2024-03,CO-B2B-013,Colombia,2024-03-05,2024-04-04,466473.11,2024-04-07,paid
INV-CO-B2B-013-2024-04,CO-B2B-013,Colombia,2024-04-05,2024-05-05,465555.92,2024-05-12,paid
INV-CO-B2B-013-2024-05,CO-B2B-013,Colombia,2024-05-05,2024-06-04,484730.41,2024-06-04,paid
INV-CO-B2B-013-2024-06,CO-B2B-013,Colombia,2024-06-05,2024-07-05,479142.49,2024-07-10,paid
INV-CO-B2B-013-2024-07,CO-B2B-013,Colombia,2024-07-05,2024-08-04,483389.38,2024-08-10,paid
INV-CO-B2B-013-2024-08,CO-B2B-013,Colombia,2024-08-05,2024-09-04,467508.36,2024-09-04,paid
INV-CO-B2B-013-2024-09,CO-B2B-013,Colombia,2024-09-05,2024-10-05,482786.52,2024-10-16,paid
INV-CO-B2B-013-2024-10,CO-B2B-013,Colombia,2024-10-05,2024-11-04,462755.68,2024-11-12,paid
INV-CO-B2B-013-2024-11,CO-B2B-013,Colombia,2024-11-05,2024-12-05,496593.75,2024-12-10,paid
INV-CO-B2B-013-2024-12,CO-B2B-013,Colombia,2024-12-05,2025-01-04,491509.26,2025-01-06,paid
INV-CO-B2B-013-2025-01,CO-B2B-013,Colombia,2025-01-05,2025-02-04,486183.58,2025-02-04,paid
INV-CO-B2B-013-2025-02,CO-B2B-013,Colombia,2025-02-05,2025-03-07,466185.5,2025-03-18,paid
INV-CO-B2B-013-2025-03,CO-B2B-013,Colombia,2025-03-05,2025-04-04,480231.11,2025-04-08,paid
INV-CO-B2B-013-2025-04,CO-B2B-013,Colombia,2025-04-05,2025-05-05,477581.78,2025-05-05,paid
INV-CO-B2B-013-2025-05,CO-B2B-013,Colombia,2025-05-05,2025-06-04,490528.99,2025-06-06,paid
INV-CO-B2B-013-2025-06,CO-B2B-013,Colombia,2025-06-05,2025-07-05,497212.47,2025-07-13,paid
INV-CO-B2B-013-2025-07,CO-B2B-013,Colombia,2025-07-05,2025-08-04,497886.37,2025-08-11,paid
INV-CO-B2B-013-2025-08,CO-B2B-013,Colombia,2025-08-05,2025-09-04,511837.47,2025-09-05,paid
INV-CO-B2B-013-2025-09,CO-B2B-013,Colombia,2025-09-05,2025-10-05,496632.32,2025-10-17,paid
INV-CO-B2B-013-2025-10,CO-B2B-013,Colombia,2025-10-05,2025-11-04,511187.44,2025-11-04,paid
INV-CO-B2B-013-2025-11,CO-B2B-013,Colombia,2025-11-05,2025-12-05,496555.52,2025-12-18,paid
INV-CO-B2B-013-2025-12,CO-B2B-013,Colombia,2025-12-05,2026-01-04,506032.49,2026-01-11,paid
INV-CO-B2B-013-2026-01,CO-B2B-013,Colombia,2026-01-05,2026-02-04,499987.19,2026-02-08,paid
INV-CO-B2B-013-2026-02,CO-B2B-013,Colombia,2026-02-05,2026-03-07,506334.46,2026-03-12,paid
INV-CO-B2B-013-2026-03,CO-B2B-013,Colombia,2026-03-05,2026-04-04,504253.12,2026-04-10,paid
INV-CO-B2B-013-2026-04,CO-B2B-013,Colombia,2026-04-05,2026-05-05,499129.4,2026-05-14,paid
INV-CO-B2B-013-2026-05,CO-B2B-013,Colombia,2026-05-05,2026-06-04,537650.43,2026-06-04,paid
INV-CO-B2B-013-2026-06,CO-B2B-013,Colombia,2026-06-05,2026-07-05,511783.06,2026-07-07,open
INV-CO-B2B-014-2024-01,CO-B2B-014,Colombia,2024-01-05,2024-02-19,448856.19,2024-02-25,paid
INV-CO-B2B-014-2024-02,CO-B2B-014,Colombia,2024-02-05,2024-03-21,451641.39,2024-04-02,paid
INV-CO-B2B-014-2024-03,CO-B2B-014,Colombia,2024-03-05,2024-04-19,447643.29,2024-05-01,paid
INV-CO-B2B-014-2024-04,CO-B2B-014,Colombia,2024-04-05,2024-05-20,426562.62,2024-06-03,paid
INV-CO-B2B-014-2024-05,CO-B2B-014,Colombia,2024-05-05,2024-06-19,451530.65,2024-06-30,paid
INV-CO-B2B-014-2024-06,CO-B2B-014,Colombia,2024-06-05,2024-07-20,438448.07,2024-07-22,paid
INV-CO-B2B-014-2024-07,CO-B2B-014,Colombia,2024-07-05,2024-08-19,451716.4,2024-08-25,paid
INV-CO-B2B-014-2024-08,CO-B2B-014,Colombia,2024-08-05,2024-09-19,454089.37,2024-09-30,paid
INV-CO-B2B-014-2024-09,CO-B2B-014,Colombia,2024-09-05,2024-10-20,436952.78,2024-10-31,paid
INV-CO-B2B-014-2024-10,CO-B2B-014,Colombia,2024-10-05,2024-11-19,453861.49,2024-11-24,paid
INV-CO-B2B-014-2024-11,CO-B2B-014,Colombia,2024-11-05,2024-12-20,441730.95,2024-12-29,paid
INV-CO-B2B-014-2024-12,CO-B2B-014,Colombia,2024-12-05,2025-01-19,434561.74,2025-01-28,paid
INV-CO-B2B-014-2025-01,CO-B2B-014,Colombia,2025-01-05,2025-02-19,443756.04,2025-02-25,paid
INV-CO-B2B-014-2025-02,CO-B2B-014,Colombia,2025-02-05,2025-03-22,457250.13,2025-04-03,paid
INV-CO-B2B-014-2025-03,CO-B2B-014,Colombia,2025-03-05,2025-04-19,457848.21,2025-04-22,paid
INV-CO-B2B-014-2025-04,CO-B2B-014,Colombia,2025-04-05,2025-05-20,455992.17,2025-06-01,paid
INV-CO-B2B-014-2025-05,CO-B2B-014,Colombia,2025-05-05,2025-06-19,466767.15,2025-06-23,paid
INV-CO-B2B-014-2025-06,CO-B2B-014,Colombia,2025-06-05,2025-07-20,460757.8,2025-07-20,paid
INV-CO-B2B-014-2025-07,CO-B2B-014,Colombia,2025-07-05,2025-08-19,467719.06,2025-08-19,paid
INV-CO-B2B-014-2025-08,CO-B2B-014,Colombia,2025-08-05,2025-09-19,472307.92,2025-09-26,paid
INV-CO-B2B-014-2025-09,CO-B2B-014,Colombia,2025-09-05,2025-10-20,489229.22,2025-10-20,paid
INV-CO-B2B-014-2025-10,CO-B2B-014,Colombia,2025-10-05,2025-11-19,466629.57,2025-12-04,paid
INV-CO-B2B-014-2025-11,CO-B2B-014,Colombia,2025-11-05,2025-12-20,480061.23,2025-12-23,paid
INV-CO-B2B-014-2025-12,CO-B2B-014,Colombia,2025-12-05,2026-01-19,472039.23,2026-01-25,paid
INV-CO-B2B-014-2026-01,CO-B2B-014,Colombia,2026-01-05,2026-02-19,473768.47,2026-02-22,paid
INV-CO-B2B-014-2026-02,CO-B2B-014,Colombia,2026-02-05,2026-03-22,471439.18,2026-03-22,paid
INV-CO-B2B-014-2026-03,CO-B2B-014,Colombia,2026-03-05,2026-04-19,474744.07,2026-04-27,paid
INV-CO-B2B-014-2026-04,CO-B2B-014,Colombia,2026-04-05,2026-05-20,472492.5,2026-05-20,paid
INV-CO-B2B-014-2026-05,CO-B2B-014,Colombia,2026-05-05,2026-06-19,485334.23,2026-06-27,paid
INV-CO-B2B-014-2026-06,CO-B2B-014,Colombia,2026-06-05,2026-07-20,470146.2,2026-07-25,open
INV-PA-B2B-001-2024-01,PA-B2B-001,Panama,2024-01-05,2024-02-04,1840502.7,2024-02-05,paid
INV-PA-B2B-001-2024-02,PA-B2B-001,Panama,2024-02-05,2024-03-06,1880979.74,2024-03-18,paid
INV-PA-B2B-001-2024-03,PA-B2B-001,Panama,2024-03-05,2024-04-04,1881850.91,2024-04-13,paid
INV-PA-B2B-001-2024-04,PA-B2B-001,Panama,2024-04-05,2024-05-05,1890377.31,2024-05-12,paid
INV-PA-B2B-001-2024-05,PA-B2B-001,Panama,2024-05-05,2024-06-04,1910207.24,2024-06-14,paid
INV-PA-B2B-001-2024-06,PA-B2B-001,Panama,2024-06-05,2024-07-05,1899974.19,2024-07-05,paid
INV-PA-B2B-001-2024-07,PA-B2B-001,Panama,2024-07-05,2024-08-04,1872724.7,2024-08-07,paid
INV-PA-B2B-001-2024-08,PA-B2B-001,Panama,2024-08-05,2024-09-04,1882402.88,2024-09-12,paid
INV-PA-B2B-001-2024-09,PA-B2B-001,Panama,2024-09-05,2024-10-05,1916904.81,2024-10-23,paid
INV-PA-B2B-001-2024-10,PA-B2B-001,Panama,2024-10-05,2024-11-04,1873427.72,2024-11-11,paid
INV-PA-B2B-001-2024-11,PA-B2B-001,Panama,2024-11-05,2024-12-05,1901155.52,2024-12-09,paid
INV-PA-B2B-001-2024-12,PA-B2B-001,Panama,2024-12-05,2025-01-04,1954913.99,2025-01-04,paid
INV-PA-B2B-001-2025-01,PA-B2B-001,Panama,2025-01-05,2025-02-04,1963544.41,2025-02-20,paid
INV-PA-B2B-001-2025-02,PA-B2B-001,Panama,2025-02-05,2025-03-07,1941464.92,2025-03-14,paid
INV-PA-B2B-001-2025-03,PA-B2B-001,Panama,2025-03-05,2025-04-04,2004724.98,2025-04-09,paid
INV-PA-B2B-001-2025-04,PA-B2B-001,Panama,2025-04-05,2025-05-05,1946214.35,2025-05-05,paid
INV-PA-B2B-001-2025-05,PA-B2B-001,Panama,2025-05-05,2025-06-04,1999349.79,2025-06-09,paid
INV-PA-B2B-001-2025-06,PA-B2B-001,Panama,2025-06-05,2025-07-05,1939141.62,2025-07-12,paid
INV-PA-B2B-001-2025-07,PA-B2B-001,Panama,2025-07-05,2025-08-04,1960740.81,2025-08-07,paid
INV-PA-B2B-001-2025-08,PA-B2B-001,Panama,2025-08-05,2025-09-04,2012984.96,2025-09-04,paid
INV-PA-B2B-001-2025-09,PA-B2B-001,Panama,2025-09-05,2025-10-05,2035896.04,2025-10-05,paid
INV-PA-B2B-001-2025-10,PA-B2B-001,Panama,2025-10-05,2025-11-04,1972363.53,2025-11-20,paid
INV-PA-B2B-001-2025-11,PA-B2B-001,Panama,2025-11-05,2025-12-05,2049366.22,2025-12-11,paid
INV-PA-B2B-001-2025-12,PA-B2B-001,Panama,2025-12-05,2026-01-04,1971253.76,2026-01-07,paid
INV-PA-B2B-001-2026-01,PA-B2B-001,Panama,2026-01-05,2026-02-04,2016660.16,2026-02-10,paid
INV-PA-B2B-001-2026-02,PA-B2B-001,Panama,2026-02-05,2026-03-07,2015075.6,2026-03-13,paid
INV-PA-B2B-001-2026-03,PA-B2B-001,Panama,2026-03-05,2026-04-04,2015129.6,2026-04-04,paid
INV-PA-B2B-001-2026-04,PA-B2B-001,Panama,2026-04-05,2026-05-05,2007996.94,2026-05-16,paid
INV-PA-B2B-001-2026-05,PA-B2B-001,Panama,2026-05-05,2026-06-04,1979012.71,2026-06-09,paid
INV-PA-B2B-001-2026-06,PA-B2B-001,Panama,2026-06-05,2026-07-05,2005847.32,2026-07-12,open
INV-PA-B2B-002-2024-01,PA-B2B-002,Panama,2024-01-05,2024-02-19,1215702.9,2024-03-03,paid
INV-PA-B2B-002-2024-02,PA-B2B-002,Panama,2024-02-05,2024-03-21,1240759.43,2024-03-21,paid
INV-PA-B2B-002-2024-03,PA-B2B-002,Panama,2024-03-05,2024-04-19,1247963.99,2024-04-21,paid
INV-PA-B2B-002-2024-04,PA-B2B-002,Panama,2024-04-05,2024-05-20,1220237.86,2024-05-28,paid
INV-PA-B2B-002-2024-05,PA-B2B-002,Panama,2024-05-05,2024-06-19,1225375.91,2024-06-29,paid
INV-PA-B2B-002-2024-06,PA-B2B-002,Panama,2024-06-05,2024-07-20,1221511.83,2024-07-23,paid
INV-PA-B2B-002-2024-07,PA-B2B-002,Panama,2024-07-05,2024-08-19,1227462.41,2024-08-22,paid
INV-PA-B2B-002-2024-08,PA-B2B-002,Panama,2024-08-05,2024-09-19,1274504.0,2024-09-28,paid
INV-PA-B2B-002-2024-09,PA-B2B-002,Panama,2024-09-05,2024-10-20,1293393.02,2024-11-06,paid
INV-PA-B2B-002-2024-10,PA-B2B-002,Panama,2024-10-05,2024-11-19,1227466.97,2024-11-25,paid
INV-PA-B2B-002-2024-11,PA-B2B-002,Panama,2024-11-05,2024-12-20,1226960.4,2024-12-22,paid
INV-PA-B2B-002-2024-12,PA-B2B-002,Panama,2024-12-05,2025-01-19,1243536.24,2025-01-20,paid
INV-PA-B2B-002-2025-01,PA-B2B-002,Panama,2025-01-05,2025-02-19,1236172.5,2025-02-24,paid
INV-PA-B2B-002-2025-02,PA-B2B-002,Panama,2025-02-05,2025-03-22,1235184.27,2025-04-01,paid
INV-PA-B2B-002-2025-03,PA-B2B-002,Panama,2025-03-05,2025-04-19,1245698.41,2025-05-09,paid
INV-PA-B2B-002-2025-04,PA-B2B-002,Panama,2025-04-05,2025-05-20,1260515.3,2025-05-26,paid
INV-PA-B2B-002-2025-05,PA-B2B-002,Panama,2025-05-05,2025-06-19,1242516.0,2025-07-04,paid
INV-PA-B2B-002-2025-06,PA-B2B-002,Panama,2025-06-05,2025-07-20,1307258.34,2025-07-27,paid
INV-PA-B2B-002-2025-07,PA-B2B-002,Panama,2025-07-05,2025-08-19,1247451.77,2025-08-26,paid
INV-PA-B2B-002-2025-08,PA-B2B-002,Panama,2025-08-05,2025-09-19,1256219.98,2025-10-02,paid
INV-PA-B2B-002-2025-09,PA-B2B-002,Panama,2025-09-05,2025-10-20,1308938.62,2025-10-26,paid
INV-PA-B2B-002-2025-10,PA-B2B-002,Panama,2025-10-05,2025-11-19,1229739.14,2025-11-20,paid
INV-PA-B2B-002-2025-11,PA-B2B-002,Panama,2025-11-05,2025-12-20,1312300.47,2026-01-01,paid
INV-PA-B2B-002-2025-12,PA-B2B-002,Panama,2025-12-05,2026-01-19,1326716.02,2026-01-19,paid
INV-PA-B2B-002-2026-01,PA-B2B-002,Panama,2026-01-05,2026-02-19,1308722.23,2026-03-02,paid
INV-PA-B2B-002-2026-02,PA-B2B-002,Panama,2026-02-05,2026-03-22,1261561.69,2026-03-28,paid
INV-PA-B2B-002-2026-03,PA-B2B-002,Panama,2026-03-05,2026-04-19,1314545.3,2026-04-23,paid
INV-PA-B2B-002-2026-04,PA-B2B-002,Panama,2026-04-05,2026-05-20,1262971.93,2026-05-24,paid
INV-PA-B2B-002-2026-05,PA-B2B-002,Panama,2026-05-05,2026-06-19,1305337.5,2026-06-24,paid
INV-PA-B2B-002-2026-06,PA-B2B-002,Panama,2026-06-05,2026-07-20,1302434.48,2026-07-24,open
INV-PA-B2B-003-2024-01,PA-B2B-003,Panama,2024-01-05,2024-03-05,913402.0,2024-03-13,paid
INV-PA-B2B-003-2024-02,PA-B2B-003,Panama,2024-02-05,2024-04-05,910850.3,2024-04-09,paid
INV-PA-B2B-003-2024-03,PA-B2B-003,Panama,2024-03-05,2024-05-04,920402.48,2024-05-04,paid
INV-PA-B2B-003-2024-04,PA-B2B-003,Panama,2024-04-05,2024-06-04,929829.8,2024-06-10,paid
INV-PA-B2B-003-2024-05,PA-B2B-003,Panama,2024-05-05,2024-07-04,924036.53,2024-07-15,paid
INV-PA-B2B-003-2024-06,PA-B2B-003,Panama,2024-06-05,2024-08-04,890157.4,2024-08-04,paid
INV-PA-B2B-003-2024-07,PA-B2B-003,Panama,2024-07-05,2024-09-03,933020.87,2024-09-09,paid
INV-PA-B2B-003-2024-08,PA-B2B-003,Panama,2024-08-05,2024-10-04,933416.87,2024-10-08,paid
INV-PA-B2B-003-2024-09,PA-B2B-003,Panama,2024-09-05,2024-11-04,945044.79,2024-11-15,paid
INV-PA-B2B-003-2024-10,PA-B2B-003,Panama,2024-10-05,2024-12-04,943995.86,2024-12-09,paid
INV-PA-B2B-003-2024-11,PA-B2B-003,Panama,2024-11-05,2025-01-04,898552.58,2025-01-14,paid
INV-PA-B2B-003-2024-12,PA-B2B-003,Panama,2024-12-05,2025-02-03,962823.84,2025-02-12,paid
INV-PA-B2B-003-2025-01,PA-B2B-003,Panama,2025-01-05,2025-03-06,925505.36,2025-03-15,paid
INV-PA-B2B-003-2025-02,PA-B2B-003,Panama,2025-02-05,2025-04-06,960678.93,2025-04-20,paid
INV-PA-B2B-003-2025-03,PA-B2B-003,Panama,2025-03-05,2025-05-04,930204.39,2025-05-09,paid
INV-PA-B2B-003-2025-04,PA-B2B-003,Panama,2025-04-05,2025-06-04,963303.82,2025-06-10,paid
INV-PA-B2B-003-2025-05,PA-B2B-003,Panama,2025-05-05,2025-07-04,930361.99,2025-07-12,paid
INV-PA-B2B-003-2025-06,PA-B2B-003,Panama,2025-06-05,2025-08-04,964867.13,2025-08-10,paid
INV-PA-B2B-003-2025-07,PA-B2B-003,Panama,2025-07-05,2025-09-03,960357.64,2025-09-08,paid
INV-PA-B2B-003-2025-08,PA-B2B-003,Panama,2025-08-05,2025-10-04,987302.54,2025-10-05,paid
INV-PA-B2B-003-2025-09,PA-B2B-003,Panama,2025-09-05,2025-11-04,949714.49,2025-11-10,paid
INV-PA-B2B-003-2025-10,PA-B2B-003,Panama,2025-10-05,2025-12-04,980422.67,2025-12-04,paid
INV-PA-B2B-003-2025-11,PA-B2B-003,Panama,2025-11-05,2026-01-04,940767.13,2026-01-04,paid
INV-PA-B2B-003-2025-12,PA-B2B-003,Panama,2025-12-05,2026-02-03,968794.35,2026-02-03,paid
INV-PA-B2B-003-2026-01,PA-B2B-003,Panama,2026-01-05,2026-03-06,963145.35,2026-03-15,paid
INV-PA-B2B-003-2026-02,PA-B2B-003,Panama,2026-02-05,2026-04-06,960603.14,2026-04-13,paid
INV-PA-B2B-003-2026-03,PA-B2B-003,Panama,2026-03-05,2026-05-04,969618.15,2026-05-13,paid
INV-PA-B2B-003-2026-04,PA-B2B-003,Panama,2026-04-05,2026-06-04,987215.68,2026-06-07,paid
INV-PA-B2B-003-2026-05,PA-B2B-003,Panama,2026-05-05,2026-07-04,977022.64,2026-07-15,open
INV-PA-B2B-003-2026-06,PA-B2B-003,Panama,2026-06-05,2026-08-04,990537.05,2026-08-04,open
INV-PA-B2B-004-2024-01,PA-B2B-004,Panama,2024-01-05,2024-02-04,742833.82,2024-02-05,paid
INV-PA-B2B-004-2024-02,PA-B2B-004,Panama,2024-02-05,2024-03-06,756049.72,2024-03-17,paid
INV-PA-B2B-004-2024-03,PA-B2B-004,Panama,2024-03-05,2024-04-04,741111.79,2024-04-11,paid
INV-PA-B2B-004-2024-04,PA-B2B-004,Panama,2024-04-05,2024-05-05,735587.87,2024-05-14,paid
INV-PA-B2B-004-2024-05,PA-B2B-004,Panama,2024-05-05,2024-06-04,735045.18,2024-06-11,paid
INV-PA-B2B-004-2024-06,PA-B2B-004,Panama,2024-06-05,2024-07-05,755426.95,2024-07-08,paid
INV-PA-B2B-004-2024-07,PA-B2B-004,Panama,2024-07-05,2024-08-04,735108.0,2024-08-04,paid
INV-PA-B2B-004-2024-08,PA-B2B-004,Panama,2024-08-05,2024-09-04,730368.14,2024-09-04,paid
INV-PA-B2B-004-2024-09,PA-B2B-004,Panama,2024-09-05,2024-10-05,758946.75,2024-10-20,paid
INV-PA-B2B-004-2024-10,PA-B2B-004,Panama,2024-10-05,2024-11-04,771501.41,2024-11-04,paid
INV-PA-B2B-004-2024-11,PA-B2B-004,Panama,2024-11-05,2024-12-05,762670.35,2024-12-18,paid
INV-PA-B2B-004-2024-12,PA-B2B-004,Panama,2024-12-05,2025-01-04,746719.41,2025-01-11,paid
INV-PA-B2B-004-2025-01,PA-B2B-004,Panama,2025-01-05,2025-02-04,725720.32,2025-02-11,paid
INV-PA-B2B-004-2025-02,PA-B2B-004,Panama,2025-02-05,2025-03-07,741405.9,2025-03-14,paid
INV-PA-B2B-004-2025-03,PA-B2B-004,Panama,2025-03-05,2025-04-04,735898.55,2025-04-13,paid
INV-PA-B2B-004-2025-04,PA-B2B-004,Panama,2025-04-05,2025-05-05,776893.64,2025-05-07,paid
INV-PA-B2B-004-2025-05,PA-B2B-004,Panama,2025-05-05,2025-06-04,745885.15,2025-06-04,paid
INV-PA-B2B-004-2025-06,PA-B2B-004,Panama,2025-06-05,2025-07-05,760882.31,2025-07-08,paid
INV-PA-B2B-004-2025-07,PA-B2B-004,Panama,2025-07-05,2025-08-04,743436.58,2025-08-12,paid
INV-PA-B2B-004-2025-08,PA-B2B-004,Panama,2025-08-05,2025-09-04,761889.34,2025-09-05,paid
INV-PA-B2B-004-2025-09,PA-B2B-004,Panama,2025-09-05,2025-10-05,762197.84,2025-10-16,paid
INV-PA-B2B-004-2025-10,PA-B2B-004,Panama,2025-10-05,2025-11-04,781998.82,2025-11-09,paid
INV-PA-B2B-004-2025-11,PA-B2B-004,Panama,2025-11-05,2025-12-05,784207.35,2025-12-05,paid
INV-PA-B2B-004-2025-12,PA-B2B-004,Panama,2025-12-05,2026-01-04,776996.35,2026-01-11,paid
INV-PA-B2B-004-2026-01,PA-B2B-004,Panama,2026-01-05,2026-02-04,771154.23,2026-02-12,paid
INV-PA-B2B-004-2026-02,PA-B2B-004,Panama,2026-02-05,2026-03-07,768294.67,2026-03-16,paid
INV-PA-B2B-004-2026-03,PA-B2B-004,Panama,2026-03-05,2026-04-04,791014.31,2026-04-04,paid
INV-PA-B2B-004-2026-04,PA-B2B-004,Panama,2026-04-05,2026-05-05,803182.44,2026-05-05,paid
INV-PA-B2B-004-2026-05,PA-B2B-004,Panama,2026-05-05,2026-06-04,776620.39,2026-06-15,paid
INV-PA-B2B-004-2026-06,PA-B2B-004,Panama,2026-06-05,2026-07-05,783227.96,2026-07-05,open
INV-PA-B2B-005-2024-01,PA-B2B-005,Panama,2024-01-05,2024-02-19,600910.5,2024-03-01,paid
INV-PA-B2B-005-2024-02,PA-B2B-005,Panama,2024-02-05,2024-03-21,592521.72,2024-04-02,paid
INV-PA-B2B-005-2024-03,PA-B2B-005,Panama,2024-03-05,2024-04-19,616595.03,2024-04-19,paid
INV-PA-B2B-005-2024-04,PA-B2B-005,Panama,2024-04-05,2024-05-20,611643.18,2024-05-21,paid
INV-PA-B2B-005-2024-05,PA-B2B-005,Panama,2024-05-05,2024-06-19,631206.31,2024-06-29,paid
INV-PA-B2B-005-2024-06,PA-B2B-005,Panama,2024-06-05,2024-07-20,600896.03,2024-07-24,paid
INV-PA-B2B-005-2024-07,PA-B2B-005,Panama,2024-07-05,2024-08-19,612799.81,2024-08-31,paid
INV-PA-B2B-005-2024-08,PA-B2B-005,Panama,2024-08-05,2024-09-19,608378.32,2024-10-03,paid
INV-PA-B2B-005-2024-09,PA-B2B-005,Panama,2024-09-05,2024-10-20,626175.0,2024-10-20,paid
INV-PA-B2B-005-2024-10,PA-B2B-005,Panama,2024-10-05,2024-11-19,619707.24,2024-11-21,paid
INV-PA-B2B-005-2024-11,PA-B2B-005,Panama,2024-11-05,2024-12-20,613878.59,2024-12-26,paid
INV-PA-B2B-005-2024-12,PA-B2B-005,Panama,2024-12-05,2025-01-19,615988.39,2025-01-19,paid
INV-PA-B2B-005-2025-01,PA-B2B-005,Panama,2025-01-05,2025-02-19,628093.96,2025-02-19,paid
INV-PA-B2B-005-2025-02,PA-B2B-005,Panama,2025-02-05,2025-03-22,624990.82,2025-03-23,paid
INV-PA-B2B-005-2025-03,PA-B2B-005,Panama,2025-03-05,2025-04-19,625063.18,2025-05-05,paid
INV-PA-B2B-005-2025-04,PA-B2B-005,Panama,2025-04-05,2025-05-20,638359.86,2025-05-27,paid
INV-PA-B2B-005-2025-05,PA-B2B-005,Panama,2025-05-05,2025-06-19,616922.16,2025-06-22,paid
INV-PA-B2B-005-2025-06,PA-B2B-005,Panama,2025-06-05,2025-07-20,643597.64,2025-07-21,paid
INV-PA-B2B-005-2025-07,PA-B2B-005,Panama,2025-07-05,2025-08-19,654208.32,2025-08-19,paid
INV-PA-B2B-005-2025-08,PA-B2B-005,Panama,2025-08-05,2025-09-19,640362.32,2025-09-22,paid
INV-PA-B2B-005-2025-09,PA-B2B-005,Panama,2025-09-05,2025-10-20,647775.87,2025-10-23,paid
INV-PA-B2B-005-2025-10,PA-B2B-005,Panama,2025-10-05,2025-11-19,643767.32,2025-11-24,paid
INV-PA-B2B-005-2025-11,PA-B2B-005,Panama,2025-11-05,2025-12-20,639421.81,2025-12-28,paid
INV-PA-B2B-005-2025-12,PA-B2B-005,Panama,2025-12-05,2026-01-19,653613.86,2026-01-25,paid
INV-PA-B2B-005-2026-01,PA-B2B-005,Panama,2026-01-05,2026-02-19,646541.05,2026-03-01,paid
INV-PA-B2B-005-2026-02,PA-B2B-005,Panama,2026-02-05,2026-03-22,650685.26,2026-03-26,paid
INV-PA-B2B-005-2026-03,PA-B2B-005,Panama,2026-03-05,2026-04-19,656769.7,2026-05-03,paid
INV-PA-B2B-005-2026-04,PA-B2B-005,Panama,2026-04-05,2026-05-20,639655.26,2026-05-30,paid
INV-PA-B2B-005-2026-05,PA-B2B-005,Panama,2026-05-05,2026-06-19,634203.55,2026-06-26,paid
INV-PA-B2B-005-2026-06,PA-B2B-005,Panama,2026-06-05,2026-07-20,681456.16,2026-07-28,open
INV-PA-B2B-006-2024-01,PA-B2B-006,Panama,2024-01-05,2024-03-05,531583.61,2024-03-08,paid
INV-PA-B2B-006-2024-02,PA-B2B-006,Panama,2024-02-05,2024-04-05,531426.99,2024-04-10,paid
INV-PA-B2B-006-2024-03,PA-B2B-006,Panama,2024-03-05,2024-05-04,524120.81,2024-05-09,paid
INV-PA-B2B-006-2024-04,PA-B2B-006,Panama,2024-04-05,2024-06-04,535877.86,2024-06-06,paid
INV-PA-B2B-006-2024-05,PA-B2B-006,Panama,2024-05-05,2024-07-04,526530.82,2024-07-04,paid
INV-PA-B2B-006-2024-06,PA-B2B-006,Panama,2024-06-05,2024-08-04,540636.36,2024-08-13,paid
INV-PA-B2B-006-2024-07,PA-B2B-006,Panama,2024-07-05,2024-09-03,540266.47,2024-09-14,paid
INV-PA-B2B-006-2024-08,PA-B2B-006,Panama,2024-08-05,2024-10-04,540061.76,2024-10-12,paid
INV-PA-B2B-006-2024-09,PA-B2B-006,Panama,2024-09-05,2024-11-04,543755.55,2024-11-10,paid
INV-PA-B2B-006-2024-10,PA-B2B-006,Panama,2024-10-05,2024-12-04,536090.76,2024-12-21,paid
INV-PA-B2B-006-2024-11,PA-B2B-006,Panama,2024-11-05,2025-01-04,538279.41,2025-01-07,paid
INV-PA-B2B-006-2024-12,PA-B2B-006,Panama,2024-12-05,2025-02-03,549272.06,2025-02-10,paid
INV-PA-B2B-006-2025-01,PA-B2B-006,Panama,2025-01-05,2025-03-06,530762.54,2025-03-18,paid
INV-PA-B2B-006-2025-02,PA-B2B-006,Panama,2025-02-05,2025-04-06,546220.94,2025-04-06,paid
INV-PA-B2B-006-2025-03,PA-B2B-006,Panama,2025-03-05,2025-05-04,561819.15,2025-05-13,paid
INV-PA-B2B-006-2025-04,PA-B2B-006,Panama,2025-04-05,2025-06-04,536255.3,2025-06-19,paid
INV-PA-B2B-006-2025-05,PA-B2B-006,Panama,2025-05-05,2025-07-04,558678.41,2025-07-10,paid
INV-PA-B2B-006-2025-06,PA-B2B-006,Panama,2025-06-05,2025-08-04,570606.21,2025-08-11,paid
INV-PA-B2B-006-2025-07,PA-B2B-006,Panama,2025-07-05,2025-09-03,553814.71,2025-09-06,paid
INV-PA-B2B-006-2025-08,PA-B2B-006,Panama,2025-08-05,2025-10-04,562013.42,2025-10-12,paid
INV-PA-B2B-006-2025-09,PA-B2B-006,Panama,2025-09-05,2025-11-04,557063.48,2025-11-06,paid
INV-PA-B2B-006-2025-10,PA-B2B-006,Panama,2025-10-05,2025-12-04,559744.86,2025-12-10,paid
INV-PA-B2B-006-2025-11,PA-B2B-006,Panama,2025-11-05,2026-01-04,544958.62,2026-01-04,paid
INV-PA-B2B-006-2025-12,PA-B2B-006,Panama,2025-12-05,2026-02-03,567465.13,2026-02-03,paid
INV-PA-B2B-006-2026-01,PA-B2B-006,Panama,2026-01-05,2026-03-06,564805.44,2026-03-10,paid
INV-PA-B2B-006-2026-02,PA-B2B-006,Panama,2026-02-05,2026-04-06,578845.11,2026-04-10,paid
INV-PA-B2B-006-2026-03,PA-B2B-006,Panama,2026-03-05,2026-05-04,572811.42,2026-05-08,paid
INV-PA-B2B-006-2026-04,PA-B2B-006,Panama,2026-04-05,2026-06-04,568009.83,2026-06-14,paid
INV-PA-B2B-006-2026-05,PA-B2B-006,Panama,2026-05-05,2026-07-04,562904.24,2026-07-15,open
INV-PA-B2B-006-2026-06,PA-B2B-006,Panama,2026-06-05,2026-08-04,558348.63,2026-08-11,open
INV-PA-B2B-007-2024-01,PA-B2B-007,Panama,2024-01-05,2024-02-04,475292.33,2024-02-13,paid
INV-PA-B2B-007-2024-02,PA-B2B-007,Panama,2024-02-05,2024-03-06,486045.88,2024-03-08,paid
INV-PA-B2B-007-2024-03,PA-B2B-007,Panama,2024-03-05,2024-04-04,456180.25,2024-04-05,paid
INV-PA-B2B-007-2024-04,PA-B2B-007,Panama,2024-04-05,2024-05-05,476361.37,2024-05-13,paid
INV-PA-B2B-007-2024-05,PA-B2B-007,Panama,2024-05-05,2024-06-04,472250.66,2024-06-04,paid
INV-PA-B2B-007-2024-06,PA-B2B-007,Panama,2024-06-05,2024-07-05,479766.24,2024-07-05,paid
INV-PA-B2B-007-2024-07,PA-B2B-007,Panama,2024-07-05,2024-08-04,484752.05,2024-08-24,paid
INV-PA-B2B-007-2024-08,PA-B2B-007,Panama,2024-08-05,2024-09-04,478322.14,2024-09-13,paid
INV-PA-B2B-007-2024-09,PA-B2B-007,Panama,2024-09-05,2024-10-05,471347.25,2024-10-05,paid
INV-PA-B2B-007-2024-10,PA-B2B-007,Panama,2024-10-05,2024-11-04,471488.53,2024-11-05,paid
INV-PA-B2B-007-2024-11,PA-B2B-007,Panama,2024-11-05,2024-12-05,464752.94,2024-12-20,paid
INV-PA-B2B-007-2024-12,PA-B2B-007,Panama,2024-12-05,2025-01-04,482219.87,2025-01-12,paid
INV-PA-B2B-007-2025-01,PA-B2B-007,Panama,2025-01-05,2025-02-04,477832.07,2025-02-09,paid
INV-PA-B2B-007-2025-02,PA-B2B-007,Panama,2025-02-05,2025-03-07,491384.89,2025-03-13,paid
INV-PA-B2B-007-2025-03,PA-B2B-007,Panama,2025-03-05,2025-04-04,488357.37,2025-04-09,paid
INV-PA-B2B-007-2025-04,PA-B2B-007,Panama,2025-04-05,2025-05-05,481105.89,2025-05-05,paid
INV-PA-B2B-007-2025-05,PA-B2B-007,Panama,2025-05-05,2025-06-04,466786.67,2025-06-09,paid
INV-PA-B2B-007-2025-06,PA-B2B-007,Panama,2025-06-05,2025-07-05,487384.89,2025-07-05,paid
INV-PA-B2B-007-2025-07,PA-B2B-007,Panama,2025-07-05,2025-08-04,487715.18,2025-08-10,paid
INV-PA-B2B-007-2025-08,PA-B2B-007,Panama,2025-08-05,2025-09-04,468622.63,2025-09-05,paid
INV-PA-B2B-007-2025-09,PA-B2B-007,Panama,2025-09-05,2025-10-05,494506.42,2025-10-13,paid
INV-PA-B2B-007-2025-10,PA-B2B-007,Panama,2025-10-05,2025-11-04,480505.29,2025-11-11,paid
INV-PA-B2B-007-2025-11,PA-B2B-007,Panama,2025-11-05,2025-12-05,503134.11,2025-12-15,paid
INV-PA-B2B-007-2025-12,PA-B2B-007,Panama,2025-12-05,2026-01-04,493241.93,2026-01-08,paid
INV-PA-B2B-007-2026-01,PA-B2B-007,Panama,2026-01-05,2026-02-04,489221.56,2026-02-12,paid
INV-PA-B2B-007-2026-02,PA-B2B-007,Panama,2026-02-05,2026-03-07,498598.58,2026-03-16,paid
INV-PA-B2B-007-2026-03,PA-B2B-007,Panama,2026-03-05,2026-04-04,499213.37,2026-04-14,paid
INV-PA-B2B-007-2026-04,PA-B2B-007,Panama,2026-04-05,2026-05-05,500088.39,2026-05-15,paid
INV-PA-B2B-007-2026-05,PA-B2B-007,Panama,2026-05-05,2026-06-04,509182.42,2026-06-06,paid
INV-PA-B2B-007-2026-06,PA-B2B-007,Panama,2026-06-05,2026-07-05,483825.3,2026-07-19,open
INV-PA-B2B-008-2024-01,PA-B2B-008,Panama,2024-01-05,2024-02-19,419623.49,2024-02-19,paid
INV-PA-B2B-008-2024-02,PA-B2B-008,Panama,2024-02-05,2024-03-21,412586.21,2024-03-31,paid
INV-PA-B2B-008-2024-03,PA-B2B-008,Panama,2024-03-05,2024-04-19,417224.69,2024-04-22,paid
INV-PA-B2B-008-2024-04,PA-B2B-008,Panama,2024-04-05,2024-05-20,432565.16,2024-05-21,paid
INV-PA-B2B-008-2024-05,PA-B2B-008,Panama,2024-05-05,2024-06-19,414987.81,2024-06-26,paid
INV-PA-B2B-008-2024-06,PA-B2B-008,Panama,2024-06-05,2024-07-20,426033.59,2024-07-28,paid
INV-PA-B2B-008-2024-07,PA-B2B-008,Panama,2024-07-05,2024-08-19,431570.43,2024-08-26,paid
INV-PA-B2B-008-2024-08,PA-B2B-008,Panama,2024-08-05,2024-09-19,429014.42,2024-09-24,paid
INV-PA-B2B-008-2024-09,PA-B2B-008,Panama,2024-09-05,2024-10-20,426432.33,2024-10-27,paid
INV-PA-B2B-008-2024-10,PA-B2B-008,Panama,2024-10-05,2024-11-19,428803.41,2024-11-29,paid
INV-PA-B2B-008-2024-11,PA-B2B-008,Panama,2024-11-05,2024-12-20,432808.95,2024-12-26,paid
INV-PA-B2B-008-2024-12,PA-B2B-008,Panama,2024-12-05,2025-01-19,422212.12,2025-01-25,paid
INV-PA-B2B-008-2025-01,PA-B2B-008,Panama,2025-01-05,2025-02-19,429931.93,2025-02-26,paid
INV-PA-B2B-008-2025-02,PA-B2B-008,Panama,2025-02-05,2025-03-22,450705.73,2025-03-25,paid
INV-PA-B2B-008-2025-03,PA-B2B-008,Panama,2025-03-05,2025-04-19,435993.26,2025-04-30,paid
INV-PA-B2B-008-2025-04,PA-B2B-008,Panama,2025-04-05,2025-05-20,434257.61,2025-06-07,paid
INV-PA-B2B-008-2025-05,PA-B2B-008,Panama,2025-05-05,2025-06-19,431218.1,2025-06-27,paid
INV-PA-B2B-008-2025-06,PA-B2B-008,Panama,2025-06-05,2025-07-20,428673.49,2025-07-24,paid
INV-PA-B2B-008-2025-07,PA-B2B-008,Panama,2025-07-05,2025-08-19,438845.41,2025-08-29,paid
INV-PA-B2B-008-2025-08,PA-B2B-008,Panama,2025-08-05,2025-09-19,440560.29,2025-10-01,paid
INV-PA-B2B-008-2025-09,PA-B2B-008,Panama,2025-09-05,2025-10-20,438019.3,2025-10-24,paid
INV-PA-B2B-008-2025-10,PA-B2B-008,Panama,2025-10-05,2025-11-19,464396.57,2025-11-27,paid
INV-PA-B2B-008-2025-11,PA-B2B-008,Panama,2025-11-05,2025-12-20,434747.94,2025-12-23,paid
INV-PA-B2B-008-2025-12,PA-B2B-008,Panama,2025-12-05,2026-01-19,433893.6,2026-01-30,paid
INV-PA-B2B-008-2026-01,PA-B2B-008,Panama,2026-01-05,2026-02-19,440038.52,2026-02-26,paid
INV-PA-B2B-008-2026-02,PA-B2B-008,Panama,2026-02-05,2026-03-22,443801.11,2026-04-01,paid
INV-PA-B2B-008-2026-03,PA-B2B-008,Panama,2026-03-05,2026-04-19,437995.52,2026-04-20,paid
INV-PA-B2B-008-2026-04,PA-B2B-008,Panama,2026-04-05,2026-05-20,448597.66,2026-05-29,paid
INV-PA-B2B-008-2026-05,PA-B2B-008,Panama,2026-05-05,2026-06-19,450693.71,2026-06-21,paid
INV-PA-B2B-008-2026-06,PA-B2B-008,Panama,2026-06-05,2026-07-20,454948.36,2026-07-22,open
INV-PA-B2B-009-2024-01,PA-B2B-009,Panama,2024-01-05,2024-03-05,374201.01,2024-03-06,paid
INV-PA-B2B-009-2024-02,PA-B2B-009,Panama,2024-02-05,2024-04-05,389064.03,2024-04-14,paid
INV-PA-B2B-009-2024-03,PA-B2B-009,Panama,2024-03-05,2024-05-04,384643.72,2024-05-16,paid
INV-PA-B2B-009-2024-04,PA-B2B-009,Panama,2024-04-05,2024-06-04,403012.47,2024-06-04,paid
INV-PA-B2B-009-2024-05,PA-B2B-009,Panama,2024-05-05,2024-07-04,376321.51,2024-07-07,paid
INV-PA-B2B-009-2024-06,PA-B2B-009,Panama,2024-06-05,2024-08-04,376414.86,2024-08-05,paid
INV-PA-B2B-009-2024-07,PA-B2B-009,Panama,2024-07-05,2024-09-03,381538.63,2024-09-03,paid
INV-PA-B2B-009-2024-08,PA-B2B-009,Panama,2024-08-05,2024-10-04,387378.75,2024-10-10,paid
INV-PA-B2B-009-2024-09,PA-B2B-009,Panama,2024-09-05,2024-11-04,389482.72,2024-11-13,paid
INV-PA-B2B-009-2024-10,PA-B2B-009,Panama,2024-10-05,2024-12-04,391410.13,2024-12-08,paid
INV-PA-B2B-009-2024-11,PA-B2B-009,Panama,2024-11-05,2025-01-04,404485.36,2025-01-11,paid
INV-PA-B2B-009-2024-12,PA-B2B-009,Panama,2024-12-05,2025-02-03,374443.1,2025-02-04,paid
INV-PA-B2B-009-2025-01,PA-B2B-009,Panama,2025-01-05,2025-03-06,376296.12,2025-03-12,paid
INV-PA-B2B-009-2025-02,PA-B2B-009,Panama,2025-02-05,2025-04-06,389649.34,2025-04-10,paid
INV-PA-B2B-009-2025-03,PA-B2B-009,Panama,2025-03-05,2025-05-04,407645.83,2025-05-13,paid
INV-PA-B2B-009-2025-04,PA-B2B-009,Panama,2025-04-05,2025-06-04,398297.43,2025-06-05,paid
INV-PA-B2B-009-2025-05,PA-B2B-009,Panama,2025-05-05,2025-07-04,385750.61,2025-07-10,paid
INV-PA-B2B-009-2025-06,PA-B2B-009,Panama,2025-06-05,2025-08-04,395887.86,2025-08-04,paid
INV-PA-B2B-009-2025-07,PA-B2B-009,Panama,2025-07-05,2025-09-03,394083.01,2025-09-09,paid
INV-PA-B2B-009-2025-08,PA-B2B-009,Panama,2025-08-05,2025-10-04,394793.02,2025-10-06,paid
INV-PA-B2B-009-2025-09,PA-B2B-009,Panama,2025-09-05,2025-11-04,393220.6,2025-11-09,paid
INV-PA-B2B-009-2025-10,PA-B2B-009,Panama,2025-10-05,2025-12-04,399204.72,2025-12-13,paid
INV-PA-B2B-009-2025-11,PA-B2B-009,Panama,2025-11-05,2026-01-04,408206.17,2026-01-09,paid
INV-PA-B2B-009-2025-12,PA-B2B-009,Panama,2025-12-05,2026-02-03,396838.34,2026-02-11,paid
INV-PA-B2B-009-2026-01,PA-B2B-009,Panama,2026-01-05,2026-03-06,406411.38,2026-03-10,paid
INV-PA-B2B-009-2026-02,PA-B2B-009,Panama,2026-02-05,2026-04-06,408893.1,2026-04-17,paid
INV-PA-B2B-009-2026-03,PA-B2B-009,Panama,2026-03-05,2026-05-04,414045.76,2026-05-19,paid
INV-PA-B2B-009-2026-04,PA-B2B-009,Panama,2026-04-05,2026-06-04,397546.27,2026-06-10,paid
INV-PA-B2B-009-2026-05,PA-B2B-009,Panama,2026-05-05,2026-07-04,405597.82,2026-07-10,open
INV-PA-B2B-009-2026-06,PA-B2B-009,Panama,2026-06-05,2026-08-04,401275.47,2026-08-04,open
INV-PA-B2B-010-2024-01,PA-B2B-010,Panama,2024-01-05,2024-02-04,346504.45,2024-02-06,paid
INV-PA-B2B-010-2024-02,PA-B2B-010,Panama,2024-02-05,2024-03-06,347324.27,2024-03-08,paid
INV-PA-B2B-010-2024-03,PA-B2B-010,Panama,2024-03-05,2024-04-04,340033.0,2024-04-11,paid
INV-PA-B2B-010-2024-04,PA-B2B-010,Panama,2024-04-05,2024-05-05,349516.63,2024-05-14,paid
INV-PA-B2B-010-2024-05,PA-B2B-010,Panama,2024-05-05,2024-06-04,364945.08,2024-06-11,paid
INV-PA-B2B-010-2024-06,PA-B2B-010,Panama,2024-06-05,2024-07-05,353621.85,2024-07-06,paid
INV-PA-B2B-010-2024-07,PA-B2B-010,Panama,2024-07-05,2024-08-04,342162.31,2024-08-18,paid
INV-PA-B2B-010-2024-08,PA-B2B-010,Panama,2024-08-05,2024-09-04,345520.04,2024-09-05,paid
INV-PA-B2B-010-2024-09,PA-B2B-010,Panama,2024-09-05,2024-10-05,352565.05,2024-10-11,paid
INV-PA-B2B-010-2024-10,PA-B2B-010,Panama,2024-10-05,2024-11-04,347395.49,2024-11-08,paid
INV-PA-B2B-010-2024-11,PA-B2B-010,Panama,2024-11-05,2024-12-05,363434.25,2024-12-07,paid
INV-PA-B2B-010-2024-12,PA-B2B-010,Panama,2024-12-05,2025-01-04,345721.77,2025-01-15,paid
INV-PA-B2B-010-2025-01,PA-B2B-010,Panama,2025-01-05,2025-02-04,359908.77,2025-02-07,paid
INV-PA-B2B-010-2025-02,PA-B2B-010,Panama,2025-02-05,2025-03-07,346145.14,2025-03-09,paid
INV-PA-B2B-010-2025-03,PA-B2B-010,Panama,2025-03-05,2025-04-04,357775.01,2025-04-16,paid
INV-PA-B2B-010-2025-04,PA-B2B-010,Panama,2025-04-05,2025-05-05,351694.76,2025-05-11,paid
INV-PA-B2B-010-2025-05,PA-B2B-010,Panama,2025-05-05,2025-06-04,364853.19,2025-06-04,paid
INV-PA-B2B-010-2025-06,PA-B2B-010,Panama,2025-06-05,2025-07-05,368398.33,2025-07-05,paid
INV-PA-B2B-010-2025-07,PA-B2B-010,Panama,2025-07-05,2025-08-04,364171.84,2025-08-11,paid
INV-PA-B2B-010-2025-08,PA-B2B-010,Panama,2025-08-05,2025-09-04,370618.98,2025-09-13,paid
INV-PA-B2B-010-2025-09,PA-B2B-010,Panama,2025-09-05,2025-10-05,346690.99,2025-10-07,paid
INV-PA-B2B-010-2025-10,PA-B2B-010,Panama,2025-10-05,2025-11-04,365490.64,2025-11-09,paid
INV-PA-B2B-010-2025-11,PA-B2B-010,Panama,2025-11-05,2025-12-05,368900.02,2025-12-15,paid
INV-PA-B2B-010-2025-12,PA-B2B-010,Panama,2025-12-05,2026-01-04,370791.3,2026-01-09,paid
INV-PA-B2B-010-2026-01,PA-B2B-010,Panama,2026-01-05,2026-02-04,353909.23,2026-02-08,paid
INV-PA-B2B-010-2026-02,PA-B2B-010,Panama,2026-02-05,2026-03-07,371218.73,2026-03-08,paid
INV-PA-B2B-010-2026-03,PA-B2B-010,Panama,2026-03-05,2026-04-04,373749.75,2026-04-15,paid
INV-PA-B2B-010-2026-04,PA-B2B-010,Panama,2026-04-05,2026-05-05,370923.26,2026-05-05,paid
INV-PA-B2B-010-2026-05,PA-B2B-010,Panama,2026-05-05,2026-06-04,361547.33,2026-06-19,paid
INV-PA-B2B-010-2026-06,PA-B2B-010,Panama,2026-06-05,2026-07-05,367793.21,2026-07-05,open
INV-PA-B2B-011-2024-01,PA-B2B-011,Panama,2024-01-05,2024-02-19,326885.85,2024-02-25,paid
INV-PA-B2B-011-2024-02,PA-B2B-011,Panama,2024-02-05,2024-03-21,326850.14,2024-03-28,paid
INV-PA-B2B-011-2024-03,PA-B2B-011,Panama,2024-03-05,2024-04-19,323458.56,2024-04-27,paid
INV-PA-B2B-011-2024-04,PA-B2B-011,Panama,2024-04-05,2024-05-20,325820.46,2024-06-06,paid
INV-PA-B2B-011-2024-05,PA-B2B-011,Panama,2024-05-05,2024-06-19,328426.72,2024-06-19,paid
INV-PA-B2B-011-2024-06,PA-B2B-011,Panama,2024-06-05,2024-07-20,325813.04,2024-08-01,paid
INV-PA-B2B-011-2024-07,PA-B2B-011,Panama,2024-07-05,2024-08-19,331603.96,2024-08-23,paid
INV-PA-B2B-011-2024-08,PA-B2B-011,Panama,2024-08-05,2024-09-19,332182.04,2024-09-30,paid
INV-PA-B2B-011-2024-09,PA-B2B-011,Panama,2024-09-05,2024-10-20,342520.49,2024-10-22,paid
INV-PA-B2B-011-2024-10,PA-B2B-011,Panama,2024-10-05,2024-11-19,322863.61,2024-11-23,paid
INV-PA-B2B-011-2024-11,PA-B2B-011,Panama,2024-11-05,2024-12-20,323782.0,2024-12-22,paid
INV-PA-B2B-011-2024-12,PA-B2B-011,Panama,2024-12-05,2025-01-19,310169.29,2025-01-23,paid
INV-PA-B2B-011-2025-01,PA-B2B-011,Panama,2025-01-05,2025-02-19,331045.49,2025-02-23,paid
INV-PA-B2B-011-2025-02,PA-B2B-011,Panama,2025-02-05,2025-03-22,342432.02,2025-03-28,paid
INV-PA-B2B-011-2025-03,PA-B2B-011,Panama,2025-03-05,2025-04-19,338892.51,2025-04-26,paid
INV-PA-B2B-011-2025-04,PA-B2B-011,Panama,2025-04-05,2025-05-20,336597.36,2025-05-27,paid
INV-PA-B2B-011-2025-05,PA-B2B-011,Panama,2025-05-05,2025-06-19,341119.16,2025-06-25,paid
INV-PA-B2B-011-2025-06,PA-B2B-011,Panama,2025-06-05,2025-07-20,336055.21,2025-07-28,paid
INV-PA-B2B-011-2025-07,PA-B2B-011,Panama,2025-07-05,2025-08-19,331651.33,2025-08-27,paid
INV-PA-B2B-011-2025-08,PA-B2B-011,Panama,2025-08-05,2025-09-19,349685.62,2025-09-24,paid
INV-PA-B2B-011-2025-09,PA-B2B-011,Panama,2025-09-05,2025-10-20,338063.24,2025-11-01,paid
INV-PA-B2B-011-2025-10,PA-B2B-011,Panama,2025-10-05,2025-11-19,343829.41,2025-11-25,paid
INV-PA-B2B-011-2025-11,PA-B2B-011,Panama,2025-11-05,2025-12-20,321233.95,2025-12-29,paid
INV-PA-B2B-011-2025-12,PA-B2B-011,Panama,2025-12-05,2026-01-19,323094.5,2026-02-01,paid
INV-PA-B2B-011-2026-01,PA-B2B-011,Panama,2026-01-05,2026-02-19,339753.61,2026-03-02,paid
INV-PA-B2B-011-2026-02,PA-B2B-011,Panama,2026-02-05,2026-03-22,333380.96,2026-03-22,paid
INV-PA-B2B-011-2026-03,PA-B2B-011,Panama,2026-03-05,2026-04-19,342078.43,2026-04-25,paid
INV-PA-B2B-011-2026-04,PA-B2B-011,Panama,2026-04-05,2026-05-20,337812.51,2026-05-26,paid
INV-PA-B2B-011-2026-05,PA-B2B-011,Panama,2026-05-05,2026-06-19,361465.8,2026-06-29,paid
INV-PA-B2B-011-2026-06,PA-B2B-011,Panama,2026-06-05,2026-07-20,350130.37,2026-07-30,open
INV-BO-B2B-001-2024-01,BO-B2B-001,Bolivia,2024-01-05,2024-02-04,1500037.03,2024-02-09,paid
INV-BO-B2B-001-2024-02,BO-B2B-001,Bolivia,2024-02-05,2024-03-06,1401162.44,2024-03-11,paid
INV-BO-B2B-001-2024-03,BO-B2B-001,Bolivia,2024-03-05,2024-04-04,1487547.85,2024-04-05,paid
INV-BO-B2B-001-2024-04,BO-B2B-001,Bolivia,2024-04-05,2024-05-05,1462085.55,2024-05-08,paid
INV-BO-B2B-001-2024-05,BO-B2B-001,Bolivia,2024-05-05,2024-06-04,1515777.73,2024-06-14,paid
INV-BO-B2B-001-2024-06,BO-B2B-001,Bolivia,2024-06-05,2024-07-05,1493938.27,2024-07-14,paid
INV-BO-B2B-001-2024-07,BO-B2B-001,Bolivia,2024-07-05,2024-08-04,1477182.93,2024-08-11,paid
INV-BO-B2B-001-2024-08,BO-B2B-001,Bolivia,2024-08-05,2024-09-04,1447264.21,2024-09-04,paid
INV-BO-B2B-001-2024-09,BO-B2B-001,Bolivia,2024-09-05,2024-10-05,1490150.64,2024-10-13,paid
INV-BO-B2B-001-2024-10,BO-B2B-001,Bolivia,2024-10-05,2024-11-04,1525859.36,2024-11-18,paid
INV-BO-B2B-001-2024-11,BO-B2B-001,Bolivia,2024-11-05,2024-12-05,1540750.02,2024-12-06,paid
INV-BO-B2B-001-2024-12,BO-B2B-001,Bolivia,2024-12-05,2025-01-04,1486346.26,2025-01-12,paid
INV-BO-B2B-001-2025-01,BO-B2B-001,Bolivia,2025-01-05,2025-02-04,1578541.32,2025-02-17,paid
INV-BO-B2B-001-2025-02,BO-B2B-001,Bolivia,2025-02-05,2025-03-07,1538407.73,2025-03-11,paid
INV-BO-B2B-001-2025-03,BO-B2B-001,Bolivia,2025-03-05,2025-04-04,1481704.16,2025-04-14,paid
INV-BO-B2B-001-2025-04,BO-B2B-001,Bolivia,2025-04-05,2025-05-05,1478962.06,2025-05-10,paid
INV-BO-B2B-001-2025-05,BO-B2B-001,Bolivia,2025-05-05,2025-06-04,1512184.17,2025-06-18,paid
INV-BO-B2B-001-2025-06,BO-B2B-001,Bolivia,2025-06-05,2025-07-05,1508707.87,2025-07-05,paid
INV-BO-B2B-001-2025-07,BO-B2B-001,Bolivia,2025-07-05,2025-08-04,1538692.9,2025-08-07,paid
INV-BO-B2B-001-2025-08,BO-B2B-001,Bolivia,2025-08-05,2025-09-04,1528357.91,2025-09-10,paid
INV-BO-B2B-001-2025-09,BO-B2B-001,Bolivia,2025-09-05,2025-10-05,1522515.77,2025-10-15,paid
INV-BO-B2B-001-2025-10,BO-B2B-001,Bolivia,2025-10-05,2025-11-04,1488364.31,2025-11-07,paid
INV-BO-B2B-001-2025-11,BO-B2B-001,Bolivia,2025-11-05,2025-12-05,1559729.91,2025-12-08,paid
INV-BO-B2B-001-2025-12,BO-B2B-001,Bolivia,2025-12-05,2026-01-04,1493545.26,2026-01-13,paid
INV-BO-B2B-001-2026-01,BO-B2B-001,Bolivia,2026-01-05,2026-02-04,1581363.69,2026-02-10,paid
INV-BO-B2B-001-2026-02,BO-B2B-001,Bolivia,2026-02-05,2026-03-07,1490491.07,2026-03-17,paid
INV-BO-B2B-001-2026-03,BO-B2B-001,Bolivia,2026-03-05,2026-04-04,1503238.35,2026-04-12,paid
INV-BO-B2B-001-2026-04,BO-B2B-001,Bolivia,2026-04-05,2026-05-05,1530458.01,2026-05-05,paid
INV-BO-B2B-001-2026-05,BO-B2B-001,Bolivia,2026-05-05,2026-06-04,1548017.37,2026-06-09,paid
INV-BO-B2B-001-2026-06,BO-B2B-001,Bolivia,2026-06-05,2026-07-05,1545621.22,2026-07-14,open
INV-BO-B2B-002-2024-01,BO-B2B-002,Bolivia,2024-01-05,2024-02-19,932414.45,2024-03-01,paid
INV-BO-B2B-002-2024-02,BO-B2B-002,Bolivia,2024-02-05,2024-03-21,948440.58,2024-03-24,paid
INV-BO-B2B-002-2024-03,BO-B2B-002,Bolivia,2024-03-05,2024-04-19,929246.24,2024-04-19,paid
INV-BO-B2B-002-2024-04,BO-B2B-002,Bolivia,2024-04-05,2024-05-20,953370.98,2024-05-24,paid
INV-BO-B2B-002-2024-05,BO-B2B-002,Bolivia,2024-05-05,2024-06-19,906184.03,2024-06-22,paid
INV-BO-B2B-002-2024-06,BO-B2B-002,Bolivia,2024-06-05,2024-07-20,935576.12,2024-08-03,paid
INV-BO-B2B-002-2024-07,BO-B2B-002,Bolivia,2024-07-05,2024-08-19,922995.63,2024-08-19,paid
INV-BO-B2B-002-2024-08,BO-B2B-002,Bolivia,2024-08-05,2024-09-19,978847.98,2024-10-02,paid
INV-BO-B2B-002-2024-09,BO-B2B-002,Bolivia,2024-09-05,2024-10-20,945557.01,2024-10-23,paid
INV-BO-B2B-002-2024-10,BO-B2B-002,Bolivia,2024-10-05,2024-11-19,974081.94,2024-11-19,paid
INV-BO-B2B-002-2024-11,BO-B2B-002,Bolivia,2024-11-05,2024-12-20,929311.25,2024-12-25,paid
INV-BO-B2B-002-2024-12,BO-B2B-002,Bolivia,2024-12-05,2025-01-19,997410.37,2025-01-23,paid
INV-BO-B2B-002-2025-01,BO-B2B-002,Bolivia,2025-01-05,2025-02-19,971343.43,2025-03-03,paid
INV-BO-B2B-002-2025-02,BO-B2B-002,Bolivia,2025-02-05,2025-03-22,1013632.74,2025-03-25,paid
INV-BO-B2B-002-2025-03,BO-B2B-002,Bolivia,2025-03-05,2025-04-19,973909.5,2025-05-04,paid
INV-BO-B2B-002-2025-04,BO-B2B-002,Bolivia,2025-04-05,2025-05-20,947387.33,2025-05-31,paid
INV-BO-B2B-002-2025-05,BO-B2B-002,Bolivia,2025-05-05,2025-06-19,959375.52,2025-06-26,paid
INV-BO-B2B-002-2025-06,BO-B2B-002,Bolivia,2025-06-05,2025-07-20,976811.19,2025-07-21,paid
INV-BO-B2B-002-2025-07,BO-B2B-002,Bolivia,2025-07-05,2025-08-19,964857.67,2025-08-26,paid
INV-BO-B2B-002-2025-08,BO-B2B-002,Bolivia,2025-08-05,2025-09-19,1006314.88,2025-09-24,paid
INV-BO-B2B-002-2025-09,BO-B2B-002,Bolivia,2025-09-05,2025-10-20,990330.44,2025-10-29,paid
INV-BO-B2B-002-2025-10,BO-B2B-002,Bolivia,2025-10-05,2025-11-19,972335.49,2025-11-29,paid
INV-BO-B2B-002-2025-11,BO-B2B-002,Bolivia,2025-11-05,2025-12-20,1010314.57,2026-01-08,paid
INV-BO-B2B-002-2025-12,BO-B2B-002,Bolivia,2025-12-05,2026-01-19,988911.61,2026-01-23,paid
INV-BO-B2B-002-2026-01,BO-B2B-002,Bolivia,2026-01-05,2026-02-19,1014349.94,2026-03-01,paid
INV-BO-B2B-002-2026-02,BO-B2B-002,Bolivia,2026-02-05,2026-03-22,990707.23,2026-03-26,paid
INV-BO-B2B-002-2026-03,BO-B2B-002,Bolivia,2026-03-05,2026-04-19,1014793.37,2026-04-21,paid
INV-BO-B2B-002-2026-04,BO-B2B-002,Bolivia,2026-04-05,2026-05-20,998150.31,2026-05-26,paid
INV-BO-B2B-002-2026-05,BO-B2B-002,Bolivia,2026-05-05,2026-06-19,1029192.93,2026-06-22,paid
INV-BO-B2B-002-2026-06,BO-B2B-002,Bolivia,2026-06-05,2026-07-20,974827.6,2026-07-20,open
INV-BO-B2B-003-2024-01,BO-B2B-003,Bolivia,2024-01-05,2024-03-05,684460.12,2024-03-05,paid
INV-BO-B2B-003-2024-02,BO-B2B-003,Bolivia,2024-02-05,2024-04-05,701501.69,2024-04-05,paid
INV-BO-B2B-003-2024-03,BO-B2B-003,Bolivia,2024-03-05,2024-05-04,695587.84,2024-05-06,paid
INV-BO-B2B-003-2024-04,BO-B2B-003,Bolivia,2024-04-05,2024-06-04,700993.86,2024-06-17,paid
INV-BO-B2B-003-2024-05,BO-B2B-003,Bolivia,2024-05-05,2024-07-04,718413.36,2024-07-10,paid
INV-BO-B2B-003-2024-06,BO-B2B-003,Bolivia,2024-06-05,2024-08-04,704214.16,2024-08-08,paid
INV-BO-B2B-003-2024-07,BO-B2B-003,Bolivia,2024-07-05,2024-09-03,717200.08,2024-09-12,paid
INV-BO-B2B-003-2024-08,BO-B2B-003,Bolivia,2024-08-05,2024-10-04,701446.37,2024-10-10,paid
INV-BO-B2B-003-2024-09,BO-B2B-003,Bolivia,2024-09-05,2024-11-04,687568.38,2024-11-11,paid
INV-BO-B2B-003-2024-10,BO-B2B-003,Bolivia,2024-10-05,2024-12-04,728897.81,2024-12-09,paid
INV-BO-B2B-003-2024-11,BO-B2B-003,Bolivia,2024-11-05,2025-01-04,746292.77,2025-01-06,paid
INV-BO-B2B-003-2024-12,BO-B2B-003,Bolivia,2024-12-05,2025-02-03,724609.67,2025-02-09,paid
INV-BO-B2B-003-2025-01,BO-B2B-003,Bolivia,2025-01-05,2025-03-06,721819.6,2025-03-11,paid
INV-BO-B2B-003-2025-02,BO-B2B-003,Bolivia,2025-02-05,2025-04-06,726632.02,2025-04-16,paid
INV-BO-B2B-003-2025-03,BO-B2B-003,Bolivia,2025-03-05,2025-05-04,747197.61,2025-05-10,paid
INV-BO-B2B-003-2025-04,BO-B2B-003,Bolivia,2025-04-05,2025-06-04,740687.02,2025-06-06,paid
INV-BO-B2B-003-2025-05,BO-B2B-003,Bolivia,2025-05-05,2025-07-04,741806.06,2025-07-06,paid
INV-BO-B2B-003-2025-06,BO-B2B-003,Bolivia,2025-06-05,2025-08-04,748505.69,2025-08-21,paid
INV-BO-B2B-003-2025-07,BO-B2B-003,Bolivia,2025-07-05,2025-09-03,732395.6,2025-09-03,paid
INV-BO-B2B-003-2025-08,BO-B2B-003,Bolivia,2025-08-05,2025-10-04,727997.71,2025-10-16,paid
INV-BO-B2B-003-2025-09,BO-B2B-003,Bolivia,2025-09-05,2025-11-04,746068.77,2025-11-11,paid
INV-BO-B2B-003-2025-10,BO-B2B-003,Bolivia,2025-10-05,2025-12-04,754780.13,2025-12-12,paid
INV-BO-B2B-003-2025-11,BO-B2B-003,Bolivia,2025-11-05,2026-01-04,759837.43,2026-01-15,paid
INV-BO-B2B-003-2025-12,BO-B2B-003,Bolivia,2025-12-05,2026-02-03,766382.12,2026-02-11,paid
INV-BO-B2B-003-2026-01,BO-B2B-003,Bolivia,2026-01-05,2026-03-06,758884.01,2026-03-10,paid
INV-BO-B2B-003-2026-02,BO-B2B-003,Bolivia,2026-02-05,2026-04-06,738197.52,2026-04-21,paid
INV-BO-B2B-003-2026-03,BO-B2B-003,Bolivia,2026-03-05,2026-05-04,752244.66,2026-05-14,paid
INV-BO-B2B-003-2026-04,BO-B2B-003,Bolivia,2026-04-05,2026-06-04,752731.96,2026-06-07,paid
INV-BO-B2B-003-2026-05,BO-B2B-003,Bolivia,2026-05-05,2026-07-04,752913.95,2026-07-17,open
INV-BO-B2B-003-2026-06,BO-B2B-003,Bolivia,2026-06-05,2026-08-04,763057.18,2026-08-04,open
INV-BO-B2B-004-2024-01,BO-B2B-004,Bolivia,2024-01-05,2024-02-04,560541.64,2024-02-19,paid
INV-BO-B2B-004-2024-02,BO-B2B-004,Bolivia,2024-02-05,2024-03-06,561959.26,2024-03-06,paid
INV-BO-B2B-004-2024-03,BO-B2B-004,Bolivia,2024-03-05,2024-04-04,587609.82,2024-04-13,paid
INV-BO-B2B-004-2024-04,BO-B2B-004,Bolivia,2024-04-05,2024-05-05,566399.01,2024-05-09,paid
INV-BO-B2B-004-2024-05,BO-B2B-004,Bolivia,2024-05-05,2024-06-04,581053.58,2024-06-07,paid
INV-BO-B2B-004-2024-06,BO-B2B-004,Bolivia,2024-06-05,2024-07-05,583274.52,2024-07-14,paid
INV-BO-B2B-004-2024-07,BO-B2B-004,Bolivia,2024-07-05,2024-08-04,574260.62,2024-08-11,paid
INV-BO-B2B-004-2024-08,BO-B2B-004,Bolivia,2024-08-05,2024-09-04,570884.67,2024-09-15,paid
INV-BO-B2B-004-2024-09,BO-B2B-004,Bolivia,2024-09-05,2024-10-05,564464.0,2024-10-05,paid
INV-BO-B2B-004-2024-10,BO-B2B-004,Bolivia,2024-10-05,2024-11-04,582872.89,2024-11-13,paid
INV-BO-B2B-004-2024-11,BO-B2B-004,Bolivia,2024-11-05,2024-12-05,582763.85,2024-12-13,paid
INV-BO-B2B-004-2024-12,BO-B2B-004,Bolivia,2024-12-05,2025-01-04,574938.62,2025-01-14,paid
INV-BO-B2B-004-2025-01,BO-B2B-004,Bolivia,2025-01-05,2025-02-04,579554.57,2025-02-08,paid
INV-BO-B2B-004-2025-02,BO-B2B-004,Bolivia,2025-02-05,2025-03-07,577916.87,2025-03-23,paid
INV-BO-B2B-004-2025-03,BO-B2B-004,Bolivia,2025-03-05,2025-04-04,563104.5,2025-04-12,paid
INV-BO-B2B-004-2025-04,BO-B2B-004,Bolivia,2025-04-05,2025-05-05,565143.35,2025-05-10,paid
INV-BO-B2B-004-2025-05,BO-B2B-004,Bolivia,2025-05-05,2025-06-04,580846.17,2025-06-04,paid
INV-BO-B2B-004-2025-06,BO-B2B-004,Bolivia,2025-06-05,2025-07-05,591958.26,2025-07-09,paid
INV-BO-B2B-004-2025-07,BO-B2B-004,Bolivia,2025-07-05,2025-08-04,564628.58,2025-08-14,paid
INV-BO-B2B-004-2025-08,BO-B2B-004,Bolivia,2025-08-05,2025-09-04,607498.23,2025-09-17,paid
INV-BO-B2B-004-2025-09,BO-B2B-004,Bolivia,2025-09-05,2025-10-05,596050.35,2025-10-11,paid
INV-BO-B2B-004-2025-10,BO-B2B-004,Bolivia,2025-10-05,2025-11-04,609236.2,2025-11-18,paid
INV-BO-B2B-004-2025-11,BO-B2B-004,Bolivia,2025-11-05,2025-12-05,608386.98,2025-12-06,paid
INV-BO-B2B-004-2025-12,BO-B2B-004,Bolivia,2025-12-05,2026-01-04,598641.88,2026-01-12,paid
INV-BO-B2B-004-2026-01,BO-B2B-004,Bolivia,2026-01-05,2026-02-04,576480.32,2026-02-12,paid
INV-BO-B2B-004-2026-02,BO-B2B-004,Bolivia,2026-02-05,2026-03-07,627090.12,2026-03-16,paid
INV-BO-B2B-004-2026-03,BO-B2B-004,Bolivia,2026-03-05,2026-04-04,618684.57,2026-04-11,paid
INV-BO-B2B-004-2026-04,BO-B2B-004,Bolivia,2026-04-05,2026-05-05,601339.59,2026-05-13,paid
INV-BO-B2B-004-2026-05,BO-B2B-004,Bolivia,2026-05-05,2026-06-04,593955.58,2026-06-05,paid
INV-BO-B2B-004-2026-06,BO-B2B-004,Bolivia,2026-06-05,2026-07-05,620759.69,2026-07-18,open
INV-BO-B2B-005-2024-01,BO-B2B-005,Bolivia,2024-01-05,2024-02-19,462361.49,2024-03-01,paid
INV-BO-B2B-005-2024-02,BO-B2B-005,Bolivia,2024-02-05,2024-03-21,471975.39,2024-03-29,paid
INV-BO-B2B-005-2024-03,BO-B2B-005,Bolivia,2024-03-05,2024-04-19,478361.78,2024-04-30,paid
INV-BO-B2B-005-2024-04,BO-B2B-005,Bolivia,2024-04-05,2024-05-20,475950.65,2024-06-02,paid
INV-BO-B2B-005-2024-05,BO-B2B-005,Bolivia,2024-05-05,2024-06-19,479308.74,2024-06-28,paid
INV-BO-B2B-005-2024-06,BO-B2B-005,Bolivia,2024-06-05,2024-07-20,469650.27,2024-08-06,paid
INV-BO-B2B-005-2024-07,BO-B2B-005,Bolivia,2024-07-05,2024-08-19,483256.2,2024-08-29,paid
INV-BO-B2B-005-2024-08,BO-B2B-005,Bolivia,2024-08-05,2024-09-19,464742.56,2024-09-21,paid
INV-BO-B2B-005-2024-09,BO-B2B-005,Bolivia,2024-09-05,2024-10-20,493193.64,2024-10-27,paid
INV-BO-B2B-005-2024-10,BO-B2B-005,Bolivia,2024-10-05,2024-11-19,464223.21,2024-11-30,paid
INV-BO-B2B-005-2024-11,BO-B2B-005,Bolivia,2024-11-05,2024-12-20,478311.56,2025-01-02,paid
INV-BO-B2B-005-2024-12,BO-B2B-005,Bolivia,2024-12-05,2025-01-19,483899.93,2025-01-26,paid
INV-BO-B2B-005-2025-01,BO-B2B-005,Bolivia,2025-01-05,2025-02-19,497557.35,2025-02-21,paid
INV-BO-B2B-005-2025-02,BO-B2B-005,Bolivia,2025-02-05,2025-03-22,477599.1,2025-03-27,paid
INV-BO-B2B-005-2025-03,BO-B2B-005,Bolivia,2025-03-05,2025-04-19,496542.43,2025-04-19,paid
INV-BO-B2B-005-2025-04,BO-B2B-005,Bolivia,2025-04-05,2025-05-20,473551.98,2025-05-30,paid
INV-BO-B2B-005-2025-05,BO-B2B-005,Bolivia,2025-05-05,2025-06-19,484956.74,2025-06-23,paid
INV-BO-B2B-005-2025-06,BO-B2B-005,Bolivia,2025-06-05,2025-07-20,474129.23,2025-07-23,paid
INV-BO-B2B-005-2025-07,BO-B2B-005,Bolivia,2025-07-05,2025-08-19,493223.13,2025-08-30,paid
INV-BO-B2B-005-2025-08,BO-B2B-005,Bolivia,2025-08-05,2025-09-19,486961.61,2025-10-03,paid
INV-BO-B2B-005-2025-09,BO-B2B-005,Bolivia,2025-09-05,2025-10-20,489026.0,2025-10-23,paid
INV-BO-B2B-005-2025-10,BO-B2B-005,Bolivia,2025-10-05,2025-11-19,512525.67,2025-11-26,paid
INV-BO-B2B-005-2025-11,BO-B2B-005,Bolivia,2025-11-05,2025-12-20,492778.62,2025-12-25,paid
INV-BO-B2B-005-2025-12,BO-B2B-005,Bolivia,2025-12-05,2026-01-19,513196.54,2026-02-01,paid
INV-BO-B2B-005-2026-01,BO-B2B-005,Bolivia,2026-01-05,2026-02-19,492630.02,2026-02-25,paid
INV-BO-B2B-005-2026-02,BO-B2B-005,Bolivia,2026-02-05,2026-03-22,502901.49,2026-03-23,paid
INV-BO-B2B-005-2026-03,BO-B2B-005,Bolivia,2026-03-05,2026-04-19,502690.34,2026-04-25,paid
INV-BO-B2B-005-2026-04,BO-B2B-005,Bolivia,2026-04-05,2026-05-20,516145.72,2026-06-01,paid
INV-BO-B2B-005-2026-05,BO-B2B-005,Bolivia,2026-05-05,2026-06-19,502450.75,2026-06-24,paid
INV-BO-B2B-005-2026-06,BO-B2B-005,Bolivia,2026-06-05,2026-07-20,513815.65,2026-07-23,open
INV-BO-B2B-006-2024-01,BO-B2B-006,Bolivia,2024-01-05,2024-03-05,411607.09,2024-03-11,paid
INV-BO-B2B-006-2024-02,BO-B2B-006,Bolivia,2024-02-05,2024-04-05,399976.31,2024-04-06,paid
INV-BO-B2B-006-2024-03,BO-B2B-006,Bolivia,2024-03-05,2024-05-04,420831.01,2024-05-09,paid
INV-BO-B2B-006-2024-04,BO-B2B-006,Bolivia,2024-04-05,2024-06-04,423517.21,2024-06-07,paid
INV-BO-B2B-006-2024-05,BO-B2B-006,Bolivia,2024-05-05,2024-07-04,413272.86,2024-07-22,paid
INV-BO-B2B-006-2024-06,BO-B2B-006,Bolivia,2024-06-05,2024-08-04,403280.8,2024-08-04,paid
INV-BO-B2B-006-2024-07,BO-B2B-006,Bolivia,2024-07-05,2024-09-03,423693.15,2024-09-05,paid
INV-BO-B2B-006-2024-08,BO-B2B-006,Bolivia,2024-08-05,2024-10-04,413790.77,2024-10-07,paid
INV-BO-B2B-006-2024-09,BO-B2B-006,Bolivia,2024-09-05,2024-11-04,417228.78,2024-11-05,paid
INV-BO-B2B-006-2024-10,BO-B2B-006,Bolivia,2024-10-05,2024-12-04,414540.03,2024-12-12,paid
INV-BO-B2B-006-2024-11,BO-B2B-006,Bolivia,2024-11-05,2025-01-04,408748.09,2025-01-06,paid
INV-BO-B2B-006-2024-12,BO-B2B-006,Bolivia,2024-12-05,2025-02-03,415222.47,2025-02-03,paid
INV-BO-B2B-006-2025-01,BO-B2B-006,Bolivia,2025-01-05,2025-03-06,415635.12,2025-03-13,paid
INV-BO-B2B-006-2025-02,BO-B2B-006,Bolivia,2025-02-05,2025-04-06,416866.02,2025-04-11,paid
INV-BO-B2B-006-2025-03,BO-B2B-006,Bolivia,2025-03-05,2025-05-04,421093.42,2025-05-07,paid
INV-BO-B2B-006-2025-04,BO-B2B-006,Bolivia,2025-04-05,2025-06-04,428191.65,2025-06-17,paid
INV-BO-B2B-006-2025-05,BO-B2B-006,Bolivia,2025-05-05,2025-07-04,419456.11,2025-07-12,paid
INV-BO-B2B-006-2025-06,BO-B2B-006,Bolivia,2025-06-05,2025-08-04,422399.28,2025-08-12,paid
INV-BO-B2B-006-2025-07,BO-B2B-006,Bolivia,2025-07-05,2025-09-03,439024.78,2025-09-12,paid
INV-BO-B2B-006-2025-08,BO-B2B-006,Bolivia,2025-08-05,2025-10-04,411689.26,2025-10-12,paid
INV-BO-B2B-006-2025-09,BO-B2B-006,Bolivia,2025-09-05,2025-11-04,438294.6,2025-11-09,paid
INV-BO-B2B-006-2025-10,BO-B2B-006,Bolivia,2025-10-05,2025-12-04,437310.56,2025-12-07,paid
INV-BO-B2B-006-2025-11,BO-B2B-006,Bolivia,2025-11-05,2026-01-04,417179.67,2026-01-11,paid
INV-BO-B2B-006-2025-12,BO-B2B-006,Bolivia,2025-12-05,2026-02-03,415962.51,2026-02-08,paid
INV-BO-B2B-006-2026-01,BO-B2B-006,Bolivia,2026-01-05,2026-03-06,443172.19,2026-03-06,paid
INV-BO-B2B-006-2026-02,BO-B2B-006,Bolivia,2026-02-05,2026-04-06,422051.98,2026-04-07,paid
INV-BO-B2B-006-2026-03,BO-B2B-006,Bolivia,2026-03-05,2026-05-04,433524.76,2026-05-08,paid
INV-BO-B2B-006-2026-04,BO-B2B-006,Bolivia,2026-04-05,2026-06-04,447508.22,2026-06-15,paid
INV-BO-B2B-006-2026-05,BO-B2B-006,Bolivia,2026-05-05,2026-07-04,440589.91,2026-07-11,open
INV-BO-B2B-006-2026-06,BO-B2B-006,Bolivia,2026-06-05,2026-08-04,440790.87,2026-08-06,open
INV-BO-B2B-007-2024-01,BO-B2B-007,Bolivia,2024-01-05,2024-02-04,364479.35,2024-02-04,paid
INV-BO-B2B-007-2024-02,BO-B2B-007,Bolivia,2024-02-05,2024-03-06,365231.03,2024-03-18,paid
INV-BO-B2B-007-2024-03,BO-B2B-007,Bolivia,2024-03-05,2024-04-04,361599.32,2024-04-09,paid
INV-BO-B2B-007-2024-04,BO-B2B-007,Bolivia,2024-04-05,2024-05-05,363879.41,2024-05-05,paid
INV-BO-B2B-007-2024-05,BO-B2B-007,Bolivia,2024-05-05,2024-06-04,364074.45,2024-06-09,paid
INV-BO-B2B-007-2024-06,BO-B2B-007,Bolivia,2024-06-05,2024-07-05,362417.74,2024-07-15,paid
INV-BO-B2B-007-2024-07,BO-B2B-007,Bolivia,2024-07-05,2024-08-04,363148.41,2024-08-04,paid
INV-BO-B2B-007-2024-08,BO-B2B-007,Bolivia,2024-08-05,2024-09-04,363571.43,2024-09-10,paid
INV-BO-B2B-007-2024-09,BO-B2B-007,Bolivia,2024-09-05,2024-10-05,366353.75,2024-10-12,paid
INV-BO-B2B-007-2024-10,BO-B2B-007,Bolivia,2024-10-05,2024-11-04,374123.14,2024-11-05,paid
INV-BO-B2B-007-2024-11,BO-B2B-007,Bolivia,2024-11-05,2024-12-05,368635.55,2024-12-17,paid
INV-BO-B2B-007-2024-12,BO-B2B-007,Bolivia,2024-12-05,2025-01-04,355704.08,2025-01-11,paid
INV-BO-B2B-007-2025-01,BO-B2B-007,Bolivia,2025-01-05,2025-02-04,364884.43,2025-02-08,paid
INV-BO-B2B-007-2025-02,BO-B2B-007,Bolivia,2025-02-05,2025-03-07,363467.17,2025-03-12,paid
INV-BO-B2B-007-2025-03,BO-B2B-007,Bolivia,2025-03-05,2025-04-04,384947.56,2025-04-04,paid
INV-BO-B2B-007-2025-04,BO-B2B-007,Bolivia,2025-04-05,2025-05-05,363357.32,2025-05-05,paid
INV-BO-B2B-007-2025-05,BO-B2B-007,Bolivia,2025-05-05,2025-06-04,385994.89,2025-06-08,paid
INV-BO-B2B-007-2025-06,BO-B2B-007,Bolivia,2025-06-05,2025-07-05,373627.71,2025-07-09,paid
INV-BO-B2B-007-2025-07,BO-B2B-007,Bolivia,2025-07-05,2025-08-04,367741.8,2025-08-09,paid
INV-BO-B2B-007-2025-08,BO-B2B-007,Bolivia,2025-08-05,2025-09-04,394623.16,2025-09-17,paid
INV-BO-B2B-007-2025-09,BO-B2B-007,Bolivia,2025-09-05,2025-10-05,370259.66,2025-10-14,paid
INV-BO-B2B-007-2025-10,BO-B2B-007,Bolivia,2025-10-05,2025-11-04,371344.32,2025-11-04,paid
INV-BO-B2B-007-2025-11,BO-B2B-007,Bolivia,2025-11-05,2025-12-05,386312.75,2025-12-17,paid
INV-BO-B2B-007-2025-12,BO-B2B-007,Bolivia,2025-12-05,2026-01-04,387484.16,2026-01-08,paid
INV-BO-B2B-007-2026-01,BO-B2B-007,Bolivia,2026-01-05,2026-02-04,379143.7,2026-02-14,paid
INV-BO-B2B-007-2026-02,BO-B2B-007,Bolivia,2026-02-05,2026-03-07,384359.23,2026-03-11,paid
INV-BO-B2B-007-2026-03,BO-B2B-007,Bolivia,2026-03-05,2026-04-04,370133.27,2026-04-11,paid
INV-BO-B2B-007-2026-04,BO-B2B-007,Bolivia,2026-04-05,2026-05-05,391631.62,2026-05-05,paid
INV-BO-B2B-007-2026-05,BO-B2B-007,Bolivia,2026-05-05,2026-06-04,389168.93,2026-06-12,paid
INV-BO-B2B-007-2026-06,BO-B2B-007,Bolivia,2026-06-05,2026-07-05,391011.97,2026-07-15,open
INV-BO-B2B-008-2024-01,BO-B2B-008,Bolivia,2024-01-05,2024-02-19,316139.58,2024-02-19,paid
INV-BO-B2B-008-2024-02,BO-B2B-008,Bolivia,2024-02-05,2024-03-21,317951.74,2024-03-31,paid
INV-BO-B2B-008-2024-03,BO-B2B-008,Bolivia,2024-03-05,2024-04-19,318692.54,2024-04-22,paid
INV-BO-B2B-008-2024-04,BO-B2B-008,Bolivia,2024-04-05,2024-05-20,311418.21,2024-06-04,paid
INV-BO-B2B-008-2024-05,BO-B2B-008,Bolivia,2024-05-05,2024-06-19,329170.19,2024-06-29,paid
INV-BO-B2B-008-2024-06,BO-B2B-008,Bolivia,2024-06-05,2024-07-20,330931.71,2024-07-29,paid
INV-BO-B2B-008-2024-07,BO-B2B-008,Bolivia,2024-07-05,2024-08-19,323813.53,2024-08-24,paid
INV-BO-B2B-008-2024-08,BO-B2B-008,Bolivia,2024-08-05,2024-09-19,323435.59,2024-10-08,paid
INV-BO-B2B-008-2024-09,BO-B2B-008,Bolivia,2024-09-05,2024-10-20,330685.05,2024-10-24,paid
INV-BO-B2B-008-2024-10,BO-B2B-008,Bolivia,2024-10-05,2024-11-19,330912.83,2024-11-20,paid
INV-BO-B2B-008-2024-11,BO-B2B-008,Bolivia,2024-11-05,2024-12-20,338705.86,2024-12-23,paid
INV-BO-B2B-008-2024-12,BO-B2B-008,Bolivia,2024-12-05,2025-01-19,332806.26,2025-01-30,paid
INV-BO-B2B-008-2025-01,BO-B2B-008,Bolivia,2025-01-05,2025-02-19,332863.02,2025-02-25,paid
INV-BO-B2B-008-2025-02,BO-B2B-008,Bolivia,2025-02-05,2025-03-22,331208.67,2025-03-28,paid
INV-BO-B2B-008-2025-03,BO-B2B-008,Bolivia,2025-03-05,2025-04-19,328158.09,2025-04-23,paid
INV-BO-B2B-008-2025-04,BO-B2B-008,Bolivia,2025-04-05,2025-05-20,342790.04,2025-05-25,paid
INV-BO-B2B-008-2025-05,BO-B2B-008,Bolivia,2025-05-05,2025-06-19,328424.6,2025-06-22,paid
INV-BO-B2B-008-2025-06,BO-B2B-008,Bolivia,2025-06-05,2025-07-20,341903.14,2025-07-29,paid
INV-BO-B2B-008-2025-07,BO-B2B-008,Bolivia,2025-07-05,2025-08-19,339075.75,2025-08-24,paid
INV-BO-B2B-008-2025-08,BO-B2B-008,Bolivia,2025-08-05,2025-09-19,340012.06,2025-09-22,paid
INV-BO-B2B-008-2025-09,BO-B2B-008,Bolivia,2025-09-05,2025-10-20,335230.53,2025-10-31,paid
INV-BO-B2B-008-2025-10,BO-B2B-008,Bolivia,2025-10-05,2025-11-19,343776.99,2025-11-20,paid
INV-BO-B2B-008-2025-11,BO-B2B-008,Bolivia,2025-11-05,2025-12-20,332917.25,2025-12-27,paid
INV-BO-B2B-008-2025-12,BO-B2B-008,Bolivia,2025-12-05,2026-01-19,351434.73,2026-01-19,paid
INV-BO-B2B-008-2026-01,BO-B2B-008,Bolivia,2026-01-05,2026-02-19,342258.02,2026-02-19,paid
INV-BO-B2B-008-2026-02,BO-B2B-008,Bolivia,2026-02-05,2026-03-22,336907.53,2026-03-26,paid
INV-BO-B2B-008-2026-03,BO-B2B-008,Bolivia,2026-03-05,2026-04-19,339197.26,2026-04-22,paid
INV-BO-B2B-008-2026-04,BO-B2B-008,Bolivia,2026-04-05,2026-05-20,342966.59,2026-05-23,paid
INV-BO-B2B-008-2026-05,BO-B2B-008,Bolivia,2026-05-05,2026-06-19,333864.96,2026-06-29,paid
INV-BO-B2B-008-2026-06,BO-B2B-008,Bolivia,2026-06-05,2026-07-20,349862.45,2026-07-30,open
INV-BO-B2B-009-2024-01,BO-B2B-009,Bolivia,2024-01-05,2024-03-05,281535.24,2024-03-12,paid
INV-BO-B2B-009-2024-02,BO-B2B-009,Bolivia,2024-02-05,2024-04-05,295033.46,2024-04-06,paid
INV-BO-B2B-009-2024-03,BO-B2B-009,Bolivia,2024-03-05,2024-05-04,291852.79,2024-05-09,paid
INV-BO-B2B-009-2024-04,BO-B2B-009,Bolivia,2024-04-05,2024-06-04,303507.39,2024-06-20,paid
INV-BO-B2B-009-2024-05,BO-B2B-009,Bolivia,2024-05-05,2024-07-04,283658.97,2024-07-22,paid
INV-BO-B2B-009-2024-06,BO-B2B-009,Bolivia,2024-06-05,2024-08-04,288660.77,2024-08-15,paid
INV-BO-B2B-009-2024-07,BO-B2B-009,Bolivia,2024-07-05,2024-09-03,300504.75,2024-09-04,paid
INV-BO-B2B-009-2024-08,BO-B2B-009,Bolivia,2024-08-05,2024-10-04,298394.32,2024-10-09,paid
INV-BO-B2B-009-2024-09,BO-B2B-009,Bolivia,2024-09-05,2024-11-04,299505.85,2024-11-11,paid
INV-BO-B2B-009-2024-10,BO-B2B-009,Bolivia,2024-10-05,2024-12-04,304134.8,2024-12-10,paid
INV-BO-B2B-009-2024-11,BO-B2B-009,Bolivia,2024-11-05,2025-01-04,296688.76,2025-01-15,paid
INV-BO-B2B-009-2024-12,BO-B2B-009,Bolivia,2024-12-05,2025-02-03,301915.12,2025-02-13,paid
INV-BO-B2B-009-2025-01,BO-B2B-009,Bolivia,2025-01-05,2025-03-06,295226.58,2025-03-07,paid
INV-BO-B2B-009-2025-02,BO-B2B-009,Bolivia,2025-02-05,2025-04-06,296538.58,2025-04-09,paid
INV-BO-B2B-009-2025-03,BO-B2B-009,Bolivia,2025-03-05,2025-05-04,305439.78,2025-05-15,paid
INV-BO-B2B-009-2025-04,BO-B2B-009,Bolivia,2025-04-05,2025-06-04,300492.54,2025-06-17,paid
INV-BO-B2B-009-2025-05,BO-B2B-009,Bolivia,2025-05-05,2025-07-04,310564.56,2025-07-11,paid
INV-BO-B2B-009-2025-06,BO-B2B-009,Bolivia,2025-06-05,2025-08-04,297996.41,2025-08-18,paid
INV-BO-B2B-009-2025-07,BO-B2B-009,Bolivia,2025-07-05,2025-09-03,303322.26,2025-09-10,paid
INV-BO-B2B-009-2025-08,BO-B2B-009,Bolivia,2025-08-05,2025-10-04,302391.02,2025-10-06,paid
INV-BO-B2B-009-2025-09,BO-B2B-009,Bolivia,2025-09-05,2025-11-04,296378.43,2025-11-13,paid
INV-BO-B2B-009-2025-10,BO-B2B-009,Bolivia,2025-10-05,2025-12-04,301219.36,2025-12-25,paid
INV-BO-B2B-009-2025-11,BO-B2B-009,Bolivia,2025-11-05,2026-01-04,300149.96,2026-01-04,paid
INV-BO-B2B-009-2025-12,BO-B2B-009,Bolivia,2025-12-05,2026-02-03,310661.33,2026-02-17,paid
INV-BO-B2B-009-2026-01,BO-B2B-009,Bolivia,2026-01-05,2026-03-06,308675.09,2026-03-15,paid
INV-BO-B2B-009-2026-02,BO-B2B-009,Bolivia,2026-02-05,2026-04-06,297859.94,2026-04-09,paid
INV-BO-B2B-009-2026-03,BO-B2B-009,Bolivia,2026-03-05,2026-05-04,303238.28,2026-05-04,paid
INV-BO-B2B-009-2026-04,BO-B2B-009,Bolivia,2026-04-05,2026-06-04,311321.98,2026-06-04,paid
INV-BO-B2B-009-2026-05,BO-B2B-009,Bolivia,2026-05-05,2026-07-04,303244.99,2026-07-07,open
INV-BO-B2B-009-2026-06,BO-B2B-009,Bolivia,2026-06-05,2026-08-04,307002.57,2026-08-12,open
INV-BO-B2B-010-2024-01,BO-B2B-010,Bolivia,2024-01-05,2024-02-04,267201.25,2024-02-14,paid
INV-BO-B2B-010-2024-02,BO-B2B-010,Bolivia,2024-02-05,2024-03-06,270273.68,2024-03-18,paid
INV-BO-B2B-010-2024-03,BO-B2B-010,Bolivia,2024-03-05,2024-04-04,266892.49,2024-04-12,paid
INV-BO-B2B-010-2024-04,BO-B2B-010,Bolivia,2024-04-05,2024-05-05,270321.35,2024-05-12,paid
INV-BO-B2B-010-2024-05,BO-B2B-010,Bolivia,2024-05-05,2024-06-04,266116.49,2024-06-08,paid
INV-BO-B2B-010-2024-06,BO-B2B-010,Bolivia,2024-06-05,2024-07-05,264548.27,2024-07-13,paid
INV-BO-B2B-010-2024-07,BO-B2B-010,Bolivia,2024-07-05,2024-08-04,269075.36,2024-08-07,paid
INV-BO-B2B-010-2024-08,BO-B2B-010,Bolivia,2024-08-05,2024-09-04,266699.82,2024-09-04,paid
INV-BO-B2B-010-2024-09,BO-B2B-010,Bolivia,2024-09-05,2024-10-05,276287.61,2024-10-11,paid
INV-BO-B2B-010-2024-10,BO-B2B-010,Bolivia,2024-10-05,2024-11-04,266962.03,2024-11-14,paid
INV-BO-B2B-010-2024-11,BO-B2B-010,Bolivia,2024-11-05,2024-12-05,269252.7,2024-12-05,paid
INV-BO-B2B-010-2024-12,BO-B2B-010,Bolivia,2024-12-05,2025-01-04,278601.0,2025-01-07,paid
INV-BO-B2B-010-2025-01,BO-B2B-010,Bolivia,2025-01-05,2025-02-04,271422.08,2025-02-10,paid
INV-BO-B2B-010-2025-02,BO-B2B-010,Bolivia,2025-02-05,2025-03-07,280676.21,2025-03-13,paid
INV-BO-B2B-010-2025-03,BO-B2B-010,Bolivia,2025-03-05,2025-04-04,268503.64,2025-04-13,paid
INV-BO-B2B-010-2025-04,BO-B2B-010,Bolivia,2025-04-05,2025-05-05,273046.99,2025-05-20,paid
INV-BO-B2B-010-2025-05,BO-B2B-010,Bolivia,2025-05-05,2025-06-04,276391.46,2025-06-04,paid
INV-BO-B2B-010-2025-06,BO-B2B-010,Bolivia,2025-06-05,2025-07-05,279076.17,2025-07-21,paid
INV-BO-B2B-010-2025-07,BO-B2B-010,Bolivia,2025-07-05,2025-08-04,286676.03,2025-08-19,paid
INV-BO-B2B-010-2025-08,BO-B2B-010,Bolivia,2025-08-05,2025-09-04,272853.77,2025-09-15,paid
INV-BO-B2B-010-2025-09,BO-B2B-010,Bolivia,2025-09-05,2025-10-05,275169.76,2025-10-12,paid
INV-BO-B2B-010-2025-10,BO-B2B-010,Bolivia,2025-10-05,2025-11-04,272834.65,2025-11-07,paid
INV-BO-B2B-010-2025-11,BO-B2B-010,Bolivia,2025-11-05,2025-12-05,276800.47,2025-12-15,paid
INV-BO-B2B-010-2025-12,BO-B2B-010,Bolivia,2025-12-05,2026-01-04,285811.68,2026-01-11,paid
INV-BO-B2B-010-2026-01,BO-B2B-010,Bolivia,2026-01-05,2026-02-04,274460.46,2026-02-08,paid
INV-BO-B2B-010-2026-02,BO-B2B-010,Bolivia,2026-02-05,2026-03-07,278492.24,2026-03-17,paid
INV-BO-B2B-010-2026-03,BO-B2B-010,Bolivia,2026-03-05,2026-04-04,290142.76,2026-04-15,paid
INV-BO-B2B-010-2026-04,BO-B2B-010,Bolivia,2026-04-05,2026-05-05,279835.49,2026-05-05,paid
INV-BO-B2B-010-2026-05,BO-B2B-010,Bolivia,2026-05-05,2026-06-04,274915.54,2026-06-17,paid
INV-BO-B2B-010-2026-06,BO-B2B-010,Bolivia,2026-06-05,2026-07-05,283234.43,2026-07-07,open
INV-BO-B2B-011-2024-01,BO-B2B-011,Bolivia,2024-01-05,2024-02-19,253055.21,2024-03-02,paid
INV-BO-B2B-011-2024-02,BO-B2B-011,Bolivia,2024-02-05,2024-03-21,245608.88,2024-03-26,paid
INV-BO-B2B-011-2024-03,BO-B2B-011,Bolivia,2024-03-05,2024-04-19,245453.18,2024-04-26,paid
INV-BO-B2B-011-2024-04,BO-B2B-011,Bolivia,2024-04-05,2024-05-20,254740.68,2024-05-28,paid
INV-BO-B2B-011-2024-05,BO-B2B-011,Bolivia,2024-05-05,2024-06-19,250952.23,2024-07-01,paid
INV-BO-B2B-011-2024-06,BO-B2B-011,Bolivia,2024-06-05,2024-07-20,242219.75,2024-07-30,paid
INV-BO-B2B-011-2024-07,BO-B2B-011,Bolivia,2024-07-05,2024-08-19,247112.67,2024-08-19,paid
INV-BO-B2B-011-2024-08,BO-B2B-011,Bolivia,2024-08-05,2024-09-19,238810.24,2024-09-20,paid
INV-BO-B2B-011-2024-09,BO-B2B-011,Bolivia,2024-09-05,2024-10-20,252485.54,2024-10-27,paid
INV-BO-B2B-011-2024-10,BO-B2B-011,Bolivia,2024-10-05,2024-11-19,251366.93,2024-12-05,paid
INV-BO-B2B-011-2024-11,BO-B2B-011,Bolivia,2024-11-05,2024-12-20,244775.51,2024-12-26,paid
INV-BO-B2B-011-2024-12,BO-B2B-011,Bolivia,2024-12-05,2025-01-19,253232.71,2025-01-21,paid
INV-BO-B2B-011-2025-01,BO-B2B-011,Bolivia,2025-01-05,2025-02-19,252467.77,2025-02-19,paid
INV-BO-B2B-011-2025-02,BO-B2B-011,Bolivia,2025-02-05,2025-03-22,260189.98,2025-03-25,paid
INV-BO-B2B-011-2025-03,BO-B2B-011,Bolivia,2025-03-05,2025-04-19,264102.9,2025-04-25,paid
INV-BO-B2B-011-2025-04,BO-B2B-011,Bolivia,2025-04-05,2025-05-20,259503.13,2025-05-26,paid
INV-BO-B2B-011-2025-05,BO-B2B-011,Bolivia,2025-05-05,2025-06-19,254700.84,2025-06-22,paid
INV-BO-B2B-011-2025-06,BO-B2B-011,Bolivia,2025-06-05,2025-07-20,256104.08,2025-07-28,paid
INV-BO-B2B-011-2025-07,BO-B2B-011,Bolivia,2025-07-05,2025-08-19,252147.23,2025-08-24,paid
INV-BO-B2B-011-2025-08,BO-B2B-011,Bolivia,2025-08-05,2025-09-19,253659.61,2025-10-06,paid
INV-BO-B2B-011-2025-09,BO-B2B-011,Bolivia,2025-09-05,2025-10-20,256954.1,2025-11-03,paid
INV-BO-B2B-011-2025-10,BO-B2B-011,Bolivia,2025-10-05,2025-11-19,257051.52,2025-11-26,paid
INV-BO-B2B-011-2025-11,BO-B2B-011,Bolivia,2025-11-05,2025-12-20,251957.03,2025-12-24,paid
INV-BO-B2B-011-2025-12,BO-B2B-011,Bolivia,2025-12-05,2026-01-19,260445.45,2026-02-02,paid
INV-BO-B2B-011-2026-01,BO-B2B-011,Bolivia,2026-01-05,2026-02-19,261156.35,2026-03-04,paid
INV-BO-B2B-011-2026-02,BO-B2B-011,Bolivia,2026-02-05,2026-03-22,264011.08,2026-04-05,paid
INV-BO-B2B-011-2026-03,BO-B2B-011,Bolivia,2026-03-05,2026-04-19,260992.72,2026-05-07,paid
INV-BO-B2B-011-2026-04,BO-B2B-011,Bolivia,2026-04-05,2026-05-20,259423.62,2026-05-22,paid
INV-BO-B2B-011-2026-05,BO-B2B-011,Bolivia,2026-05-05,2026-06-19,256330.1,2026-07-07,open
INV-BO-B2B-011-2026-06,BO-B2B-011,Bolivia,2026-06-05,2026-07-20,267615.96,2026-07-24,open
INV-PY-B2B-001-2024-01,PY-B2B-001,Paraguay,2024-01-05,2024-02-04,1447862.0,2024-02-13,paid
INV-PY-B2B-001-2024-02,PY-B2B-001,Paraguay,2024-02-05,2024-03-06,1472448.94,2024-03-06,paid
INV-PY-B2B-001-2024-03,PY-B2B-001,Paraguay,2024-03-05,2024-04-04,1411699.21,2024-04-08,paid
INV-PY-B2B-001-2024-04,PY-B2B-001,Paraguay,2024-04-05,2024-05-05,1367691.82,2024-05-16,paid
INV-PY-B2B-001-2024-05,PY-B2B-001,Paraguay,2024-05-05,2024-06-04,1418623.62,2024-06-14,paid
INV-PY-B2B-001-2024-06,PY-B2B-001,Paraguay,2024-06-05,2024-07-05,1498983.74,2024-07-09,paid
INV-PY-B2B-001-2024-07,PY-B2B-001,Paraguay,2024-07-05,2024-08-04,1421433.33,2024-08-11,paid
INV-PY-B2B-001-2024-08,PY-B2B-001,Paraguay,2024-08-05,2024-09-04,1465696.62,2024-09-07,paid
INV-PY-B2B-001-2024-09,PY-B2B-001,Paraguay,2024-09-05,2024-10-05,1422567.5,2024-10-16,paid
INV-PY-B2B-001-2024-10,PY-B2B-001,Paraguay,2024-10-05,2024-11-04,1455212.94,2024-11-04,paid
INV-PY-B2B-001-2024-11,PY-B2B-001,Paraguay,2024-11-05,2024-12-05,1412792.86,2024-12-19,paid
INV-PY-B2B-001-2024-12,PY-B2B-001,Paraguay,2024-12-05,2025-01-04,1463179.46,2025-01-06,paid
INV-PY-B2B-001-2025-01,PY-B2B-001,Paraguay,2025-01-05,2025-02-04,1450142.6,2025-02-10,paid
INV-PY-B2B-001-2025-02,PY-B2B-001,Paraguay,2025-02-05,2025-03-07,1480354.58,2025-03-07,paid
INV-PY-B2B-001-2025-03,PY-B2B-001,Paraguay,2025-03-05,2025-04-04,1437987.94,2025-04-11,paid
INV-PY-B2B-001-2025-04,PY-B2B-001,Paraguay,2025-04-05,2025-05-05,1463109.61,2025-05-14,paid
INV-PY-B2B-001-2025-05,PY-B2B-001,Paraguay,2025-05-05,2025-06-04,1433999.6,2025-06-12,paid
INV-PY-B2B-001-2025-06,PY-B2B-001,Paraguay,2025-06-05,2025-07-05,1505893.13,2025-07-13,paid
INV-PY-B2B-001-2025-07,PY-B2B-001,Paraguay,2025-07-05,2025-08-04,1481171.92,2025-08-10,paid
INV-PY-B2B-001-2025-08,PY-B2B-001,Paraguay,2025-08-05,2025-09-04,1456230.48,2025-09-10,paid
INV-PY-B2B-001-2025-09,PY-B2B-001,Paraguay,2025-09-05,2025-10-05,1522325.73,2025-10-10,paid
INV-PY-B2B-001-2025-10,PY-B2B-001,Paraguay,2025-10-05,2025-11-04,1461913.12,2025-11-08,paid
INV-PY-B2B-001-2025-11,PY-B2B-001,Paraguay,2025-11-05,2025-12-05,1497887.68,2025-12-09,paid
INV-PY-B2B-001-2025-12,PY-B2B-001,Paraguay,2025-12-05,2026-01-04,1510199.62,2026-01-13,paid
INV-PY-B2B-001-2026-01,PY-B2B-001,Paraguay,2026-01-05,2026-02-04,1526247.82,2026-02-17,paid
INV-PY-B2B-001-2026-02,PY-B2B-001,Paraguay,2026-02-05,2026-03-07,1533337.47,2026-03-08,paid
INV-PY-B2B-001-2026-03,PY-B2B-001,Paraguay,2026-03-05,2026-04-04,1479872.19,2026-04-10,paid
INV-PY-B2B-001-2026-04,PY-B2B-001,Paraguay,2026-04-05,2026-05-05,1497054.92,2026-05-05,paid
INV-PY-B2B-001-2026-05,PY-B2B-001,Paraguay,2026-05-05,2026-06-04,1501082.24,2026-06-08,paid
INV-PY-B2B-001-2026-06,PY-B2B-001,Paraguay,2026-06-05,2026-07-05,1497923.93,2026-07-09,open
INV-PY-B2B-002-2024-01,PY-B2B-002,Paraguay,2024-01-05,2024-02-19,933998.46,2024-02-26,paid
INV-PY-B2B-002-2024-02,PY-B2B-002,Paraguay,2024-02-05,2024-03-21,960869.73,2024-03-28,paid
INV-PY-B2B-002-2024-03,PY-B2B-002,Paraguay,2024-03-05,2024-04-19,911506.04,2024-04-25,paid
INV-PY-B2B-002-2024-04,PY-B2B-002,Paraguay,2024-04-05,2024-05-20,923828.32,2024-05-28,paid
INV-PY-B2B-002-2024-05,PY-B2B-002,Paraguay,2024-05-05,2024-06-19,960474.59,2024-06-21,paid
INV-PY-B2B-002-2024-06,PY-B2B-002,Paraguay,2024-06-05,2024-07-20,939709.8,2024-07-27,paid
INV-PY-B2B-002-2024-07,PY-B2B-002,Paraguay,2024-07-05,2024-08-19,897367.16,2024-08-29,paid
INV-PY-B2B-002-2024-08,PY-B2B-002,Paraguay,2024-08-05,2024-09-19,952163.16,2024-09-21,paid
INV-PY-B2B-002-2024-09,PY-B2B-002,Paraguay,2024-09-05,2024-10-20,930481.45,2024-10-20,paid
INV-PY-B2B-002-2024-10,PY-B2B-002,Paraguay,2024-10-05,2024-11-19,909778.87,2024-11-30,paid
INV-PY-B2B-002-2024-11,PY-B2B-002,Paraguay,2024-11-05,2024-12-20,926622.49,2024-12-20,paid
INV-PY-B2B-002-2024-12,PY-B2B-002,Paraguay,2024-12-05,2025-01-19,941957.98,2025-01-22,paid
INV-PY-B2B-002-2025-01,PY-B2B-002,Paraguay,2025-01-05,2025-02-19,931179.35,2025-03-01,paid
INV-PY-B2B-002-2025-02,PY-B2B-002,Paraguay,2025-02-05,2025-03-22,920696.6,2025-03-23,paid
INV-PY-B2B-002-2025-03,PY-B2B-002,Paraguay,2025-03-05,2025-04-19,947610.64,2025-04-30,paid
INV-PY-B2B-002-2025-04,PY-B2B-002,Paraguay,2025-04-05,2025-05-20,970801.66,2025-05-23,paid
INV-PY-B2B-002-2025-05,PY-B2B-002,Paraguay,2025-05-05,2025-06-19,967391.62,2025-06-21,paid
INV-PY-B2B-002-2025-06,PY-B2B-002,Paraguay,2025-06-05,2025-07-20,987204.22,2025-07-20,paid
INV-PY-B2B-002-2025-07,PY-B2B-002,Paraguay,2025-07-05,2025-08-19,979869.3,2025-08-22,paid
INV-PY-B2B-002-2025-08,PY-B2B-002,Paraguay,2025-08-05,2025-09-19,995864.72,2025-09-28,paid
INV-PY-B2B-002-2025-09,PY-B2B-002,Paraguay,2025-09-05,2025-10-20,939664.64,2025-10-23,paid
INV-PY-B2B-002-2025-10,PY-B2B-002,Paraguay,2025-10-05,2025-11-19,976489.39,2025-11-30,paid
INV-PY-B2B-002-2025-11,PY-B2B-002,Paraguay,2025-11-05,2025-12-20,962392.94,2025-12-26,paid
INV-PY-B2B-002-2025-12,PY-B2B-002,Paraguay,2025-12-05,2026-01-19,980929.98,2026-01-26,paid
INV-PY-B2B-002-2026-01,PY-B2B-002,Paraguay,2026-01-05,2026-02-19,943843.91,2026-02-21,paid
INV-PY-B2B-002-2026-02,PY-B2B-002,Paraguay,2026-02-05,2026-03-22,975578.06,2026-04-03,paid
INV-PY-B2B-002-2026-03,PY-B2B-002,Paraguay,2026-03-05,2026-04-19,1005403.58,2026-04-29,paid
INV-PY-B2B-002-2026-04,PY-B2B-002,Paraguay,2026-04-05,2026-05-20,981485.62,2026-05-30,paid
INV-PY-B2B-002-2026-05,PY-B2B-002,Paraguay,2026-05-05,2026-06-19,965342.93,2026-06-24,paid
INV-PY-B2B-002-2026-06,PY-B2B-002,Paraguay,2026-06-05,2026-07-20,964714.97,2026-07-20,open
INV-PY-B2B-003-2024-01,PY-B2B-003,Paraguay,2024-01-05,2024-03-05,685190.29,2024-03-12,paid
INV-PY-B2B-003-2024-02,PY-B2B-003,Paraguay,2024-02-05,2024-04-05,691785.23,2024-04-14,paid
INV-PY-B2B-003-2024-03,PY-B2B-003,Paraguay,2024-03-05,2024-05-04,687369.68,2024-05-13,paid
INV-PY-B2B-003-2024-04,PY-B2B-003,Paraguay,2024-04-05,2024-06-04,685166.99,2024-06-12,paid
INV-PY-B2B-003-2024-05,PY-B2B-003,Paraguay,2024-05-05,2024-07-04,677554.67,2024-07-12,paid
INV-PY-B2B-003-2024-06,PY-B2B-003,Paraguay,2024-06-05,2024-08-04,698460.32,2024-08-07,paid
INV-PY-B2B-003-2024-07,PY-B2B-003,Paraguay,2024-07-05,2024-09-03,691624.75,2024-09-06,paid
INV-PY-B2B-003-2024-08,PY-B2B-003,Paraguay,2024-08-05,2024-10-04,685380.14,2024-10-04,paid
INV-PY-B2B-003-2024-09,PY-B2B-003,Paraguay,2024-09-05,2024-11-04,712169.65,2024-11-15,paid
INV-PY-B2B-003-2024-10,PY-B2B-003,Paraguay,2024-10-05,2024-12-04,703625.47,2024-12-20,paid
INV-PY-B2B-003-2024-11,PY-B2B-003,Paraguay,2024-11-05,2025-01-04,695206.9,2025-01-25,paid
INV-PY-B2B-003-2024-12,PY-B2B-003,Paraguay,2024-12-05,2025-02-03,696411.49,2025-02-10,paid
INV-PY-B2B-003-2025-01,PY-B2B-003,Paraguay,2025-01-05,2025-03-06,695779.37,2025-03-14,paid
INV-PY-B2B-003-2025-02,PY-B2B-003,Paraguay,2025-02-05,2025-04-06,714939.09,2025-04-11,paid
INV-PY-B2B-003-2025-03,PY-B2B-003,Paraguay,2025-03-05,2025-05-04,730344.49,2025-05-11,paid
INV-PY-B2B-003-2025-04,PY-B2B-003,Paraguay,2025-04-05,2025-06-04,710442.86,2025-06-05,paid
INV-PY-B2B-003-2025-05,PY-B2B-003,Paraguay,2025-05-05,2025-07-04,714330.46,2025-07-09,paid
INV-PY-B2B-003-2025-06,PY-B2B-003,Paraguay,2025-06-05,2025-08-04,701560.95,2025-08-06,paid
INV-PY-B2B-003-2025-07,PY-B2B-003,Paraguay,2025-07-05,2025-09-03,750999.3,2025-09-08,paid
INV-PY-B2B-003-2025-08,PY-B2B-003,Paraguay,2025-08-05,2025-10-04,693205.59,2025-10-07,paid
INV-PY-B2B-003-2025-09,PY-B2B-003,Paraguay,2025-09-05,2025-11-04,714749.31,2025-11-13,paid
INV-PY-B2B-003-2025-10,PY-B2B-003,Paraguay,2025-10-05,2025-12-04,725278.72,2025-12-13,paid
INV-PY-B2B-003-2025-11,PY-B2B-003,Paraguay,2025-11-05,2026-01-04,709854.32,2026-01-12,paid
INV-PY-B2B-003-2025-12,PY-B2B-003,Paraguay,2025-12-05,2026-02-03,708346.0,2026-02-06,paid
INV-PY-B2B-003-2026-01,PY-B2B-003,Paraguay,2026-01-05,2026-03-06,709525.59,2026-03-06,paid
INV-PY-B2B-003-2026-02,PY-B2B-003,Paraguay,2026-02-05,2026-04-06,740060.4,2026-04-15,paid
INV-PY-B2B-003-2026-03,PY-B2B-003,Paraguay,2026-03-05,2026-05-04,740612.69,2026-05-10,paid
INV-PY-B2B-003-2026-04,PY-B2B-003,Paraguay,2026-04-05,2026-06-04,739502.4,2026-06-04,paid
INV-PY-B2B-003-2026-05,PY-B2B-003,Paraguay,2026-05-05,2026-07-04,742631.54,2026-07-11,open
INV-PY-B2B-003-2026-06,PY-B2B-003,Paraguay,2026-06-05,2026-08-04,740982.74,2026-08-12,open
INV-PY-B2B-004-2024-01,PY-B2B-004,Paraguay,2024-01-05,2024-02-04,535218.08,2024-02-04,paid
INV-PY-B2B-004-2024-02,PY-B2B-004,Paraguay,2024-02-05,2024-03-06,539515.33,2024-03-15,paid
INV-PY-B2B-004-2024-03,PY-B2B-004,Paraguay,2024-03-05,2024-04-04,556246.19,2024-04-04,paid
INV-PY-B2B-004-2024-04,PY-B2B-004,Paraguay,2024-04-05,2024-05-05,539306.5,2024-05-07,paid
INV-PY-B2B-004-2024-05,PY-B2B-004,Paraguay,2024-05-05,2024-06-04,547442.17,2024-06-04,paid
INV-PY-B2B-004-2024-06,PY-B2B-004,Paraguay,2024-06-05,2024-07-05,537247.44,2024-07-07,paid
INV-PY-B2B-004-2024-07,PY-B2B-004,Paraguay,2024-07-05,2024-08-04,555085.28,2024-08-04,paid
INV-PY-B2B-004-2024-08,PY-B2B-004,Paraguay,2024-08-05,2024-09-04,554228.74,2024-09-15,paid
INV-PY-B2B-004-2024-09,PY-B2B-004,Paraguay,2024-09-05,2024-10-05,542590.48,2024-10-10,paid
INV-PY-B2B-004-2024-10,PY-B2B-004,Paraguay,2024-10-05,2024-11-04,569855.29,2024-11-08,paid
INV-PY-B2B-004-2024-11,PY-B2B-004,Paraguay,2024-11-05,2024-12-05,553305.79,2024-12-17,paid
INV-PY-B2B-004-2024-12,PY-B2B-004,Paraguay,2024-12-05,2025-01-04,557664.23,2025-01-16,paid
INV-PY-B2B-004-2025-01,PY-B2B-004,Paraguay,2025-01-05,2025-02-04,567339.15,2025-02-08,paid
INV-PY-B2B-004-2025-02,PY-B2B-004,Paraguay,2025-02-05,2025-03-07,569334.8,2025-03-15,paid
INV-PY-B2B-004-2025-03,PY-B2B-004,Paraguay,2025-03-05,2025-04-04,576969.49,2025-04-07,paid
INV-PY-B2B-004-2025-04,PY-B2B-004,Paraguay,2025-04-05,2025-05-05,567189.08,2025-05-11,paid
INV-PY-B2B-004-2025-05,PY-B2B-004,Paraguay,2025-05-05,2025-06-04,576196.33,2025-06-05,paid
INV-PY-B2B-004-2025-06,PY-B2B-004,Paraguay,2025-06-05,2025-07-05,581262.18,2025-07-13,paid
INV-PY-B2B-004-2025-07,PY-B2B-004,Paraguay,2025-07-05,2025-08-04,556140.38,2025-08-16,paid
INV-PY-B2B-004-2025-08,PY-B2B-004,Paraguay,2025-08-05,2025-09-04,598566.71,2025-09-15,paid
INV-PY-B2B-004-2025-09,PY-B2B-004,Paraguay,2025-09-05,2025-10-05,590454.57,2025-10-11,paid
INV-PY-B2B-004-2025-10,PY-B2B-004,Paraguay,2025-10-05,2025-11-04,556473.63,2025-11-04,paid
INV-PY-B2B-004-2025-11,PY-B2B-004,Paraguay,2025-11-05,2025-12-05,579663.87,2025-12-08,paid
INV-PY-B2B-004-2025-12,PY-B2B-004,Paraguay,2025-12-05,2026-01-04,567676.73,2026-01-10,paid
INV-PY-B2B-004-2026-01,PY-B2B-004,Paraguay,2026-01-05,2026-02-04,586781.33,2026-02-04,paid
INV-PY-B2B-004-2026-02,PY-B2B-004,Paraguay,2026-02-05,2026-03-07,575857.28,2026-03-21,paid
INV-PY-B2B-004-2026-03,PY-B2B-004,Paraguay,2026-03-05,2026-04-04,570109.54,2026-04-14,paid
INV-PY-B2B-004-2026-04,PY-B2B-004,Paraguay,2026-04-05,2026-05-05,578325.32,2026-05-14,paid
INV-PY-B2B-004-2026-05,PY-B2B-004,Paraguay,2026-05-05,2026-06-04,598409.08,2026-06-14,paid
INV-PY-B2B-004-2026-06,PY-B2B-004,Paraguay,2026-06-05,2026-07-05,597651.69,2026-07-05,open
INV-PY-B2B-005-2024-01,PY-B2B-005,Paraguay,2024-01-05,2024-02-19,467616.89,2024-02-21,paid
INV-PY-B2B-005-2024-02,PY-B2B-005,Paraguay,2024-02-05,2024-03-21,460845.97,2024-03-28,paid
INV-PY-B2B-005-2024-03,PY-B2B-005,Paraguay,2024-03-05,2024-04-19,464087.15,2024-04-27,paid
INV-PY-B2B-005-2024-04,PY-B2B-005,Paraguay,2024-04-05,2024-05-20,453044.61,2024-05-20,paid
INV-PY-B2B-005-2024-05,PY-B2B-005,Paraguay,2024-05-05,2024-06-19,470036.64,2024-06-26,paid
INV-PY-B2B-005-2024-06,PY-B2B-005,Paraguay,2024-06-05,2024-07-20,473829.75,2024-07-26,paid
INV-PY-B2B-005-2024-07,PY-B2B-005,Paraguay,2024-07-05,2024-08-19,451354.99,2024-08-30,paid
INV-PY-B2B-005-2024-08,PY-B2B-005,Paraguay,2024-08-05,2024-09-19,461945.49,2024-09-27,paid
INV-PY-B2B-005-2024-09,PY-B2B-005,Paraguay,2024-09-05,2024-10-20,460541.05,2024-11-03,paid
INV-PY-B2B-005-2024-10,PY-B2B-005,Paraguay,2024-10-05,2024-11-19,459581.72,2024-11-23,paid
INV-PY-B2B-005-2024-11,PY-B2B-005,Paraguay,2024-11-05,2024-12-20,469887.79,2024-12-21,paid
INV-PY-B2B-005-2024-12,PY-B2B-005,Paraguay,2024-12-05,2025-01-19,473168.81,2025-02-02,paid
INV-PY-B2B-005-2025-01,PY-B2B-005,Paraguay,2025-01-05,2025-02-19,466626.65,2025-02-27,paid
INV-PY-B2B-005-2025-02,PY-B2B-005,Paraguay,2025-02-05,2025-03-22,447128.88,2025-03-28,paid
INV-PY-B2B-005-2025-03,PY-B2B-005,Paraguay,2025-03-05,2025-04-19,470629.72,2025-04-21,paid
INV-PY-B2B-005-2025-04,PY-B2B-005,Paraguay,2025-04-05,2025-05-20,485150.12,2025-05-24,paid
INV-PY-B2B-005-2025-05,PY-B2B-005,Paraguay,2025-05-05,2025-06-19,474269.95,2025-06-23,paid
INV-PY-B2B-005-2025-06,PY-B2B-005,Paraguay,2025-06-05,2025-07-20,459200.44,2025-07-20,paid
INV-PY-B2B-005-2025-07,PY-B2B-005,Paraguay,2025-07-05,2025-08-19,487622.66,2025-08-19,paid
INV-PY-B2B-005-2025-08,PY-B2B-005,Paraguay,2025-08-05,2025-09-19,472241.53,2025-09-23,paid
INV-PY-B2B-005-2025-09,PY-B2B-005,Paraguay,2025-09-05,2025-10-20,497793.93,2025-10-30,paid
INV-PY-B2B-005-2025-10,PY-B2B-005,Paraguay,2025-10-05,2025-11-19,476595.07,2025-12-02,paid
INV-PY-B2B-005-2025-11,PY-B2B-005,Paraguay,2025-11-05,2025-12-20,476037.77,2025-12-31,paid
INV-PY-B2B-005-2025-12,PY-B2B-005,Paraguay,2025-12-05,2026-01-19,471362.22,2026-01-30,paid
INV-PY-B2B-005-2026-01,PY-B2B-005,Paraguay,2026-01-05,2026-02-19,481631.16,2026-02-20,paid
INV-PY-B2B-005-2026-02,PY-B2B-005,Paraguay,2026-02-05,2026-03-22,484663.72,2026-03-29,paid
INV-PY-B2B-005-2026-03,PY-B2B-005,Paraguay,2026-03-05,2026-04-19,483185.22,2026-04-28,paid
INV-PY-B2B-005-2026-04,PY-B2B-005,Paraguay,2026-04-05,2026-05-20,483539.03,2026-05-29,paid
INV-PY-B2B-005-2026-05,PY-B2B-005,Paraguay,2026-05-05,2026-06-19,494789.9,2026-06-25,paid
INV-PY-B2B-005-2026-06,PY-B2B-005,Paraguay,2026-06-05,2026-07-20,487338.05,2026-07-27,open
INV-PY-B2B-006-2024-01,PY-B2B-006,Paraguay,2024-01-05,2024-03-05,398819.31,2024-03-21,paid
INV-PY-B2B-006-2024-02,PY-B2B-006,Paraguay,2024-02-05,2024-04-05,402940.41,2024-04-16,paid
INV-PY-B2B-006-2024-03,PY-B2B-006,Paraguay,2024-03-05,2024-05-04,421688.71,2024-05-13,paid
INV-PY-B2B-006-2024-04,PY-B2B-006,Paraguay,2024-04-05,2024-06-04,401291.02,2024-06-14,paid
INV-PY-B2B-006-2024-05,PY-B2B-006,Paraguay,2024-05-05,2024-07-04,390454.56,2024-07-08,paid
INV-PY-B2B-006-2024-06,PY-B2B-006,Paraguay,2024-06-05,2024-08-04,395386.75,2024-08-13,paid
INV-PY-B2B-006-2024-07,PY-B2B-006,Paraguay,2024-07-05,2024-09-03,399015.87,2024-09-10,paid
INV-PY-B2B-006-2024-08,PY-B2B-006,Paraguay,2024-08-05,2024-10-04,410235.2,2024-10-14,paid
INV-PY-B2B-006-2024-09,PY-B2B-006,Paraguay,2024-09-05,2024-11-04,401113.33,2024-11-07,paid
INV-PY-B2B-006-2024-10,PY-B2B-006,Paraguay,2024-10-05,2024-12-04,412683.44,2024-12-14,paid
INV-PY-B2B-006-2024-11,PY-B2B-006,Paraguay,2024-11-05,2025-01-04,391641.57,2025-01-08,paid
INV-PY-B2B-006-2024-12,PY-B2B-006,Paraguay,2024-12-05,2025-02-03,406782.8,2025-02-13,paid
INV-PY-B2B-006-2025-01,PY-B2B-006,Paraguay,2025-01-05,2025-03-06,413918.04,2025-03-13,paid
INV-PY-B2B-006-2025-02,PY-B2B-006,Paraguay,2025-02-05,2025-04-06,412265.59,2025-04-12,paid
INV-PY-B2B-006-2025-03,PY-B2B-006,Paraguay,2025-03-05,2025-05-04,403018.59,2025-05-09,paid
INV-PY-B2B-006-2025-04,PY-B2B-006,Paraguay,2025-04-05,2025-06-04,409663.63,2025-06-10,paid
INV-PY-B2B-006-2025-05,PY-B2B-006,Paraguay,2025-05-05,2025-07-04,395338.36,2025-07-08,paid
INV-PY-B2B-006-2025-06,PY-B2B-006,Paraguay,2025-06-05,2025-08-04,412021.06,2025-08-09,paid
INV-PY-B2B-006-2025-07,PY-B2B-006,Paraguay,2025-07-05,2025-09-03,410555.35,2025-09-11,paid
INV-PY-B2B-006-2025-08,PY-B2B-006,Paraguay,2025-08-05,2025-10-04,404788.61,2025-10-04,paid
INV-PY-B2B-006-2025-09,PY-B2B-006,Paraguay,2025-09-05,2025-11-04,411775.21,2025-11-14,paid
INV-PY-B2B-006-2025-10,PY-B2B-006,Paraguay,2025-10-05,2025-12-04,429958.61,2025-12-14,paid
INV-PY-B2B-006-2025-11,PY-B2B-006,Paraguay,2025-11-05,2026-01-04,404669.01,2026-01-09,paid
INV-PY-B2B-006-2025-12,PY-B2B-006,Paraguay,2025-12-05,2026-02-03,419920.05,2026-02-10,paid
INV-PY-B2B-006-2026-01,PY-B2B-006,Paraguay,2026-01-05,2026-03-06,423356.5,2026-03-07,paid
INV-PY-B2B-006-2026-02,PY-B2B-006,Paraguay,2026-02-05,2026-04-06,420407.41,2026-04-14,paid
INV-PY-B2B-006-2026-03,PY-B2B-006,Paraguay,2026-03-05,2026-05-04,427919.76,2026-05-06,paid
INV-PY-B2B-006-2026-04,PY-B2B-006,Paraguay,2026-04-05,2026-06-04,419060.8,2026-06-04,paid
INV-PY-B2B-006-2026-05,PY-B2B-006,Paraguay,2026-05-05,2026-07-04,417793.29,2026-07-07,open
INV-PY-B2B-006-2026-06,PY-B2B-006,Paraguay,2026-06-05,2026-08-04,415516.04,2026-08-11,open
INV-PY-B2B-007-2024-01,PY-B2B-007,Paraguay,2024-01-05,2024-02-04,347030.88,2024-02-04,paid
INV-PY-B2B-007-2024-02,PY-B2B-007,Paraguay,2024-02-05,2024-03-06,349792.35,2024-03-07,paid
INV-PY-B2B-007-2024-03,PY-B2B-007,Paraguay,2024-03-05,2024-04-04,352566.83,2024-04-04,paid
INV-PY-B2B-007-2024-04,PY-B2B-007,Paraguay,2024-04-05,2024-05-05,350241.68,2024-05-10,paid
INV-PY-B2B-007-2024-05,PY-B2B-007,Paraguay,2024-05-05,2024-06-04,353040.3,2024-06-11,paid
INV-PY-B2B-007-2024-06,PY-B2B-007,Paraguay,2024-06-05,2024-07-05,349993.22,2024-07-05,paid
INV-PY-B2B-007-2024-07,PY-B2B-007,Paraguay,2024-07-05,2024-08-04,342396.63,2024-08-07,paid
INV-PY-B2B-007-2024-08,PY-B2B-007,Paraguay,2024-08-05,2024-09-04,353486.48,2024-09-07,paid
INV-PY-B2B-007-2024-09,PY-B2B-007,Paraguay,2024-09-05,2024-10-05,358888.57,2024-10-10,paid
INV-PY-B2B-007-2024-10,PY-B2B-007,Paraguay,2024-10-05,2024-11-04,348523.04,2024-11-09,paid
INV-PY-B2B-007-2024-11,PY-B2B-007,Paraguay,2024-11-05,2024-12-05,357815.92,2024-12-13,paid
INV-PY-B2B-007-2024-12,PY-B2B-007,Paraguay,2024-12-05,2025-01-04,370764.07,2025-01-07,paid
INV-PY-B2B-007-2025-01,PY-B2B-007,Paraguay,2025-01-05,2025-02-04,357460.78,2025-02-12,paid
INV-PY-B2B-007-2025-02,PY-B2B-007,Paraguay,2025-02-05,2025-03-07,358713.37,2025-03-10,paid
INV-PY-B2B-007-2025-03,PY-B2B-007,Paraguay,2025-03-05,2025-04-04,348801.8,2025-04-07,paid
INV-PY-B2B-007-2025-04,PY-B2B-007,Paraguay,2025-04-05,2025-05-05,353015.45,2025-05-05,paid
INV-PY-B2B-007-2025-05,PY-B2B-007,Paraguay,2025-05-05,2025-06-04,355871.31,2025-06-05,paid
INV-PY-B2B-007-2025-06,PY-B2B-007,Paraguay,2025-06-05,2025-07-05,366740.81,2025-07-14,paid
INV-PY-B2B-007-2025-07,PY-B2B-007,Paraguay,2025-07-05,2025-08-04,356879.76,2025-08-09,paid
INV-PY-B2B-007-2025-08,PY-B2B-007,Paraguay,2025-08-05,2025-09-04,351007.83,2025-09-08,paid
INV-PY-B2B-007-2025-09,PY-B2B-007,Paraguay,2025-09-05,2025-10-05,368135.07,2025-10-15,paid
INV-PY-B2B-007-2025-10,PY-B2B-007,Paraguay,2025-10-05,2025-11-04,360938.0,2025-11-15,paid
INV-PY-B2B-007-2025-11,PY-B2B-007,Paraguay,2025-11-05,2025-12-05,356078.14,2025-12-05,paid
INV-PY-B2B-007-2025-12,PY-B2B-007,Paraguay,2025-12-05,2026-01-04,373214.81,2026-01-18,paid
INV-PY-B2B-007-2026-01,PY-B2B-007,Paraguay,2026-01-05,2026-02-04,372533.3,2026-02-10,paid
INV-PY-B2B-007-2026-02,PY-B2B-007,Paraguay,2026-02-05,2026-03-07,353912.96,2026-03-07,paid
INV-PY-B2B-007-2026-03,PY-B2B-007,Paraguay,2026-03-05,2026-04-04,371682.41,2026-04-08,paid
INV-PY-B2B-007-2026-04,PY-B2B-007,Paraguay,2026-04-05,2026-05-05,363519.06,2026-05-11,paid
INV-PY-B2B-007-2026-05,PY-B2B-007,Paraguay,2026-05-05,2026-06-04,373436.49,2026-06-15,paid
INV-PY-B2B-007-2026-06,PY-B2B-007,Paraguay,2026-06-05,2026-07-05,374530.87,2026-07-17,open
INV-PY-B2B-008-2024-01,PY-B2B-008,Paraguay,2024-01-05,2024-02-19,310890.25,2024-02-24,paid
INV-PY-B2B-008-2024-02,PY-B2B-008,Paraguay,2024-02-05,2024-03-21,318321.92,2024-03-22,paid
INV-PY-B2B-008-2024-03,PY-B2B-008,Paraguay,2024-03-05,2024-04-19,330485.5,2024-04-27,paid
INV-PY-B2B-008-2024-04,PY-B2B-008,Paraguay,2024-04-05,2024-05-20,315572.14,2024-05-29,paid
INV-PY-B2B-008-2024-05,PY-B2B-008,Paraguay,2024-05-05,2024-06-19,325971.62,2024-06-29,paid
INV-PY-B2B-008-2024-06,PY-B2B-008,Paraguay,2024-06-05,2024-07-20,304802.3,2024-08-02,paid
INV-PY-B2B-008-2024-07,PY-B2B-008,Paraguay,2024-07-05,2024-08-19,313388.44,2024-08-26,paid
INV-PY-B2B-008-2024-08,PY-B2B-008,Paraguay,2024-08-05,2024-09-19,308330.78,2024-09-28,paid
INV-PY-B2B-008-2024-09,PY-B2B-008,Paraguay,2024-09-05,2024-10-20,313007.65,2024-10-27,paid
INV-PY-B2B-008-2024-10,PY-B2B-008,Paraguay,2024-10-05,2024-11-19,316103.6,2024-12-05,paid
INV-PY-B2B-008-2024-11,PY-B2B-008,Paraguay,2024-11-05,2024-12-20,331588.28,2024-12-26,paid
INV-PY-B2B-008-2024-12,PY-B2B-008,Paraguay,2024-12-05,2025-01-19,319905.4,2025-01-23,paid
INV-PY-B2B-008-2025-01,PY-B2B-008,Paraguay,2025-01-05,2025-02-19,327458.97,2025-02-23,paid
INV-PY-B2B-008-2025-02,PY-B2B-008,Paraguay,2025-02-05,2025-03-22,318401.38,2025-04-02,paid
INV-PY-B2B-008-2025-03,PY-B2B-008,Paraguay,2025-03-05,2025-04-19,318451.57,2025-04-25,paid
INV-PY-B2B-008-2025-04,PY-B2B-008,Paraguay,2025-04-05,2025-05-20,312657.1,2025-05-30,paid
INV-PY-B2B-008-2025-05,PY-B2B-008,Paraguay,2025-05-05,2025-06-19,336314.76,2025-06-29,paid
INV-PY-B2B-008-2025-06,PY-B2B-008,Paraguay,2025-06-05,2025-07-20,333940.56,2025-07-22,paid
INV-PY-B2B-008-2025-07,PY-B2B-008,Paraguay,2025-07-05,2025-08-19,326669.97,2025-08-20,paid
INV-PY-B2B-008-2025-08,PY-B2B-008,Paraguay,2025-08-05,2025-09-19,324461.05,2025-09-29,paid
INV-PY-B2B-008-2025-09,PY-B2B-008,Paraguay,2025-09-05,2025-10-20,327423.39,2025-10-20,paid
INV-PY-B2B-008-2025-10,PY-B2B-008,Paraguay,2025-10-05,2025-11-19,319071.11,2025-11-19,paid
INV-PY-B2B-008-2025-11,PY-B2B-008,Paraguay,2025-11-05,2025-12-20,331636.83,2026-01-05,paid
INV-PY-B2B-008-2025-12,PY-B2B-008,Paraguay,2025-12-05,2026-01-19,338308.26,2026-01-19,paid
INV-PY-B2B-008-2026-01,PY-B2B-008,Paraguay,2026-01-05,2026-02-19,339551.87,2026-03-02,paid
INV-PY-B2B-008-2026-02,PY-B2B-008,Paraguay,2026-02-05,2026-03-22,320793.01,2026-03-26,paid
INV-PY-B2B-008-2026-03,PY-B2B-008,Paraguay,2026-03-05,2026-04-19,339037.06,2026-04-28,paid
INV-PY-B2B-008-2026-04,PY-B2B-008,Paraguay,2026-04-05,2026-05-20,323925.63,2026-05-29,paid
INV-PY-B2B-008-2026-05,PY-B2B-008,Paraguay,2026-05-05,2026-06-19,319399.51,2026-06-24,paid
INV-PY-B2B-008-2026-06,PY-B2B-008,Paraguay,2026-06-05,2026-07-20,341876.22,2026-07-26,open
INV-PY-B2B-009-2024-01,PY-B2B-009,Paraguay,2024-01-05,2024-03-05,278745.88,2024-03-15,paid
INV-PY-B2B-009-2024-02,PY-B2B-009,Paraguay,2024-02-05,2024-04-05,287801.56,2024-04-18,paid
INV-PY-B2B-009-2024-03,PY-B2B-009,Paraguay,2024-03-05,2024-05-04,287942.24,2024-05-15,paid
INV-PY-B2B-009-2024-04,PY-B2B-009,Paraguay,2024-04-05,2024-06-04,287846.72,2024-06-11,paid
INV-PY-B2B-009-2024-05,PY-B2B-009,Paraguay,2024-05-05,2024-07-04,284876.85,2024-07-09,paid
INV-PY-B2B-009-2024-06,PY-B2B-009,Paraguay,2024-06-05,2024-08-04,278248.98,2024-08-05,paid
INV-PY-B2B-009-2024-07,PY-B2B-009,Paraguay,2024-07-05,2024-09-03,284183.54,2024-09-10,paid
INV-PY-B2B-009-2024-08,PY-B2B-009,Paraguay,2024-08-05,2024-10-04,294881.54,2024-10-10,paid
INV-PY-B2B-009-2024-09,PY-B2B-009,Paraguay,2024-09-05,2024-11-04,293044.32,2024-11-15,paid
INV-PY-B2B-009-2024-10,PY-B2B-009,Paraguay,2024-10-05,2024-12-04,286609.96,2024-12-13,paid
INV-PY-B2B-009-2024-11,PY-B2B-009,Paraguay,2024-11-05,2025-01-04,287257.07,2025-01-17,paid
INV-PY-B2B-009-2024-12,PY-B2B-009,Paraguay,2024-12-05,2025-02-03,293084.76,2025-02-03,paid
INV-PY-B2B-009-2025-01,PY-B2B-009,Paraguay,2025-01-05,2025-03-06,291043.39,2025-03-20,paid
INV-PY-B2B-009-2025-02,PY-B2B-009,Paraguay,2025-02-05,2025-04-06,289777.71,2025-04-14,paid
INV-PY-B2B-009-2025-03,PY-B2B-009,Paraguay,2025-03-05,2025-05-04,294757.56,2025-05-05,paid
INV-PY-B2B-009-2025-04,PY-B2B-009,Paraguay,2025-04-05,2025-06-04,295286.67,2025-06-04,paid
INV-PY-B2B-009-2025-05,PY-B2B-009,Paraguay,2025-05-05,2025-07-04,289373.11,2025-07-15,paid
INV-PY-B2B-009-2025-06,PY-B2B-009,Paraguay,2025-06-05,2025-08-04,295852.61,2025-08-08,paid
INV-PY-B2B-009-2025-07,PY-B2B-009,Paraguay,2025-07-05,2025-09-03,297124.83,2025-09-09,paid
INV-PY-B2B-009-2025-08,PY-B2B-009,Paraguay,2025-08-05,2025-10-04,295294.03,2025-10-13,paid
INV-PY-B2B-009-2025-09,PY-B2B-009,Paraguay,2025-09-05,2025-11-04,291683.57,2025-11-10,paid
INV-PY-B2B-009-2025-10,PY-B2B-009,Paraguay,2025-10-05,2025-12-04,294850.49,2025-12-04,paid
INV-PY-B2B-009-2025-11,PY-B2B-009,Paraguay,2025-11-05,2026-01-04,292013.94,2026-01-18,paid
INV-PY-B2B-009-2025-12,PY-B2B-009,Paraguay,2025-12-05,2026-02-03,300486.25,2026-02-03,paid
INV-PY-B2B-009-2026-01,PY-B2B-009,Paraguay,2026-01-05,2026-03-06,289859.79,2026-03-11,paid
INV-PY-B2B-009-2026-02,PY-B2B-009,Paraguay,2026-02-05,2026-04-06,309180.43,2026-04-11,paid
INV-PY-B2B-009-2026-03,PY-B2B-009,Paraguay,2026-03-05,2026-05-04,308381.66,2026-05-12,paid
INV-PY-B2B-009-2026-04,PY-B2B-009,Paraguay,2026-04-05,2026-06-04,304028.08,2026-06-04,paid
INV-PY-B2B-009-2026-05,PY-B2B-009,Paraguay,2026-05-05,2026-07-04,307643.73,2026-07-08,open
INV-PY-B2B-009-2026-06,PY-B2B-009,Paraguay,2026-06-05,2026-08-04,307954.08,2026-08-06,open
INV-PY-B2B-010-2024-01,PY-B2B-010,Paraguay,2024-01-05,2024-02-04,258433.51,2024-02-12,paid
INV-PY-B2B-010-2024-02,PY-B2B-010,Paraguay,2024-02-05,2024-03-06,257369.73,2024-03-14,paid
INV-PY-B2B-010-2024-03,PY-B2B-010,Paraguay,2024-03-05,2024-04-04,257433.98,2024-04-07,paid
INV-PY-B2B-010-2024-04,PY-B2B-010,Paraguay,2024-04-05,2024-05-05,267922.5,2024-05-16,paid
INV-PY-B2B-010-2024-05,PY-B2B-010,Paraguay,2024-05-05,2024-06-04,256176.76,2024-06-13,paid
INV-PY-B2B-010-2024-06,PY-B2B-010,Paraguay,2024-06-05,2024-07-05,256910.63,2024-07-05,paid
INV-PY-B2B-010-2024-07,PY-B2B-010,Paraguay,2024-07-05,2024-08-04,266868.21,2024-08-04,paid
INV-PY-B2B-010-2024-08,PY-B2B-010,Paraguay,2024-08-05,2024-09-04,266963.71,2024-09-09,paid
INV-PY-B2B-010-2024-09,PY-B2B-010,Paraguay,2024-09-05,2024-10-05,261606.53,2024-10-13,paid
INV-PY-B2B-010-2024-10,PY-B2B-010,Paraguay,2024-10-05,2024-11-04,266451.8,2024-11-06,paid
INV-PY-B2B-010-2024-11,PY-B2B-010,Paraguay,2024-11-05,2024-12-05,267848.3,2024-12-12,paid
INV-PY-B2B-010-2024-12,PY-B2B-010,Paraguay,2024-12-05,2025-01-04,258124.51,2025-01-09,paid
INV-PY-B2B-010-2025-01,PY-B2B-010,Paraguay,2025-01-05,2025-02-04,272785.46,2025-02-18,paid
INV-PY-B2B-010-2025-02,PY-B2B-010,Paraguay,2025-02-05,2025-03-07,269860.15,2025-03-07,paid
INV-PY-B2B-010-2025-03,PY-B2B-010,Paraguay,2025-03-05,2025-04-04,269310.75,2025-04-14,paid
INV-PY-B2B-010-2025-04,PY-B2B-010,Paraguay,2025-04-05,2025-05-05,271256.49,2025-05-15,paid
INV-PY-B2B-010-2025-05,PY-B2B-010,Paraguay,2025-05-05,2025-06-04,269970.53,2025-06-10,paid
INV-PY-B2B-010-2025-06,PY-B2B-010,Paraguay,2025-06-05,2025-07-05,265436.88,2025-07-05,paid
INV-PY-B2B-010-2025-07,PY-B2B-010,Paraguay,2025-07-05,2025-08-04,271193.92,2025-08-11,paid
INV-PY-B2B-010-2025-08,PY-B2B-010,Paraguay,2025-08-05,2025-09-04,273059.5,2025-09-04,paid
INV-PY-B2B-010-2025-09,PY-B2B-010,Paraguay,2025-09-05,2025-10-05,274221.29,2025-10-21,paid
INV-PY-B2B-010-2025-10,PY-B2B-010,Paraguay,2025-10-05,2025-11-04,271809.36,2025-11-10,paid
INV-PY-B2B-010-2025-11,PY-B2B-010,Paraguay,2025-11-05,2025-12-05,273748.25,2025-12-21,paid
INV-PY-B2B-010-2025-12,PY-B2B-010,Paraguay,2025-12-05,2026-01-04,267214.78,2026-01-11,paid
INV-PY-B2B-010-2026-01,PY-B2B-010,Paraguay,2026-01-05,2026-02-04,269085.57,2026-02-07,paid
INV-PY-B2B-010-2026-02,PY-B2B-010,Paraguay,2026-02-05,2026-03-07,273835.53,2026-03-20,paid
INV-PY-B2B-010-2026-03,PY-B2B-010,Paraguay,2026-03-05,2026-04-04,284870.92,2026-04-12,paid
INV-PY-B2B-010-2026-04,PY-B2B-010,Paraguay,2026-04-05,2026-05-05,273412.42,2026-05-23,paid
INV-PY-B2B-010-2026-05,PY-B2B-010,Paraguay,2026-05-05,2026-06-04,273816.73,2026-06-07,paid
INV-PY-B2B-010-2026-06,PY-B2B-010,Paraguay,2026-06-05,2026-07-05,267202.86,2026-07-18,open
INV-GT-B2B-001-2025-12-PROY,GT-B2B-001,Guatemala,2025-12-05,2026-02-03,1370000.0,,open
INV-GT-B2B-001-2026-01-PROY,GT-B2B-001,Guatemala,2026-01-05,2026-03-06,1370000.0,,open
INV-GT-B2B-001-2026-02-PROY,GT-B2B-001,Guatemala,2026-02-05,2026-04-06,1370000.0,,open
